number,angle,magnitude
306,-0.04164977619212974,1.0681018518706031
1886,-0.06279164456978611,1.119069620337553
1,0.1415612765670432,1.565749443475364
519,0.12822454388662133,1.4702679981046323
788,0.6022773399669181,1.0157818825335296
1164,-0.20412174046485373,1.0105317604020618
774,0.11384308140201899,1.2958160640806025
1881,0.13910236700644288,1.4600741276475107
1907,0.16531000821581546,1.2570215331326964
599,0.2508631099806907,1.0037839218475308
491,0.0249464468608057,1.3689610865911062
1470,0.7509225936996318,1.0719331806596046
1195,0.0485519565262787,1.083522646105119
1377,0.1334896742577264,1.2076564223697268
228,-0.2097245431951746,1.0086250969496209
332,-0.0492583605043226,1.0165860998242449
190,-0.2264087791269379,1.0773881526558828
227,0.2678238724203083,1.1482437165246357
980,0.11381347241372501,1.1755821061867942
1935,0.029368832477443294,1.3239651535783148
1894,0.15137258301725692,1.5736956244114422
1305,0.27763858834551547,1.0014032491738303
1880,1.1458104424057585,1.1000003628601411
297,0.26960225038054186,1.144728241724574
605,-0.29587778748693694,1.0659876683284761
1106,0.1139779943399031,1.494890358560597
24,-0.2929040539791051,1.0370613304671672
1783,-0.21382160026657296,0.9952497334174872
928,0.13306492825203092,1.5484965492784257
416,0.14682675087239283,1.060861048562606
859,-0.023634080666401762,1.1119738881350665
23,0.11796528198459637,1.4650498817175217
160,0.12024796497143711,1.0664679410343978
1825,0.4086782235584577,1.0362543109945461
1863,-0.023648394970800554,1.094908637600368
1941,0.5751380353968942,1.0459131339293883
204,0.12303363612036904,1.484381921389414
561,-0.08679847552145709,1.0681653676957685
891,0.12426642329049055,1.4651856065001219
1879,-0.02776114814786762,1.3289936181411035
981,0.16510729314332515,1.0882878164086855
815,0.9745521899962577,0.8991502733680549
253,0.052807082338932554,1.4492419560519294
1282,-0.5647363761352681,0.8267720483579353
916,0.13005289681231819,1.4986243833689126
1429,-0.014500631158734774,1.225220821768745
1588,0.1850099294398729,1.067625370216398
843,-0.04044214182441154,1.0895617387428242
39,0.11531194844282273,1.3752591739210154
112,0.4676620281785061,1.0229248979245913
791,-0.04414402479319026,1.0702609377578856
1918,0.17525832192914784,1.007261480297361
372,-0.11438218321710343,1.0104722470429999
34,0.05865939688844816,1.4169980385637522
1665,-0.7612091390745704,1.066127246381934
137,0.4901382972869185,1.009535559798232
590,0.1115500007955107,1.4752823440416543
55,-0.09694484993536677,0.9935584083015273
323,-0.5470226156640859,0.8723590647014311
1628,-0.24200994987017338,1.0066060403457358
17,0.10660934735426295,1.4063216629423159
243,-0.20406667811229315,1.0503746179389115
172,0.23559397803543877,1.1173214175683546
333,-0.6096948568505446,1.3491714711580647
363,-0.047333488269943554,1.0683520287221824
1296,-0.030154144875444995,1.0882368558417872
1721,-0.021742309932683366,1.1002924403049321
550,0.4600913571213064,1.0342962972009064
341,-0.053141098255547164,1.007961690421138
664,0.08629217742424634,1.1847953166993124
912,-0.1311677510275978,1.0439876751299437
1748,-0.48879631782939154,0.7858014489558697
1966,0.8092788220715197,1.3518125340557021
1990,0.31404021116846226,1.3785481524011227
1598,-0.3838332177137929,0.9939947687913295
1685,0.046128674172613134,1.3944730667599574
598,-0.27228173440560177,1.011596038859663
1318,-0.010708193152231388,0.8374056790838231
643,-0.06976293025485587,1.103373595799883
1052,0.06644165789899008,1.263423542035538
14,-0.22360268512014944,1.0595504776893234
167,0.05194142330628419,1.4137588746411847
1121,-0.12885855490589015,1.2942302428732784
613,-0.017474567297879058,1.0453869815816976
1556,0.01580356305709866,1.0440391538258122
96,-0.6650603463152017,1.1917860860988119
456,-0.2319583669399024,0.9727694377699441
1078,0.1715442971289197,1.12603196737968
1922,-0.010029844680574433,1.1028341728834383
257,-0.5555941740841626,1.2271135934153887
510,0.08640396334758282,1.1845195277998355
19,-0.28487606451343095,1.06223244112197
1754,0.180072185972337,1.0848072797114825
2013,0.12204106821114892,1.5573131414201529
673,0.12243250208806623,1.4791614796395212
1502,-0.13725741272845687,1.1321451971878174
925,-0.7309143564666407,0.905315420318485
1824,0.011904660240972193,1.2830573811022457
1785,-0.06213669610408282,1.1156133871710405
197,-0.0765903703644275,1.1323710051989977
1545,0.10959571690872111,1.1203444422895072
401,0.4548336901189403,1.016110879105306
1804,0.10308761908460945,1.5433127497369463
276,0.14229599419191757,1.113710914428254
778,-0.1736014453588805,1.0243505583540995
1973,0.0647552625101191,1.4283208457665753
21,-0.3935984122610658,1.073001076866546
244,-0.3628955378555945,0.9855342917669335
83,-0.0628142466122659,1.088399718054312
582,0.1487634035575078,1.4827749062123605
1043,1.0228769028596538,0.9274500368433247
2011,0.10863847810235351,1.2716661166376229
868,-0.2052557754984748,1.035049901143845
2025,0.12785600967116567,1.7819798468948351
558,-0.21119083989358678,0.9954175781354621
1540,-0.09252389053379441,1.0532547102365426
1974,-0.16913528425339747,1.0219981790279575
1938,0.2374955818704716,1.1495745039168408
871,-0.19173377801000302,1.0221213706622958
1615,1.8339808241618243,0.36824189575224986
3,-0.06674910998564924,1.143073166594533
545,0.3681432226132063,1.0040195781414896
81,-0.25082520078771914,0.9991966423350396
1968,-0.2281713659878755,0.9199571519262782
987,0.13306492612106222,1.5484965718457324
1516,-0.04760473306595999,1.1534135479985812
964,0.13997459558456873,1.3401239808752325
751,-0.14430098985686768,0.996442262889618
1070,0.6036639432364277,1.0152554423140994
1169,-0.07477105389443087,1.0750663387174573
1493,0.12296671071720124,1.1222852737598328
1019,-0.204723017180997,1.0099228092905672
1684,0.1219525786123252,1.5186389823087714
1334,-0.8945002941716416,0.7416988439931115
1897,0.7195329534616717,1.0132675691641573
303,0.5323861647318738,1.013881654038246
1434,-0.2922102837986133,0.9297082383572147
2001,-0.11379459585332315,1.0441558016836276
1710,0.3877326395200308,1.0105097855503575
1210,1.0265406760591003,1.1000004069463
704,0.11441326470612637,1.5146092798574735
1882,0.14031820651402963,1.457211385140748
1837,-0.24763565109208419,0.9576083702100714
1468,0.11229821803950496,1.5103092976320567
117,-0.11643856701037081,1.0903507030772563
1166,0.1727993625051742,1.0670427794938926
1864,0.17149365245428197,1.1259705653082654
1050,-0.01687535757448174,1.0598186349900798
1423,-0.39995275096619565,0.976995982912922
1542,0.01774968371536477,1.4179885692156133
499,0.2329955175193024,1.1113218991667366
1432,-0.08266525424220408,0.9985715700165368
1145,-0.16179960384354006,1.03374107635752
852,0.16131714597218386,1.044260641624394
182,-0.15393926792393314,1.1257835161415386
176,0.07481545632320019,1.5985820261442896
1199,-0.11997029371357099,0.9697382555121751
1675,0.38985669188915106,1.070823380902785
894,-0.09392894554035985,1.1069767467342482
1231,-0.20224494148893446,1.0380862353457856
1939,-0.12947386733009977,0.9426752270416121
1720,-0.11266639346274501,1.0724961529699777
1758,-0.08280354994819214,1.055509261281166
1083,0.18084133574139685,1.1535889729125712
1780,0.07198079855443379,1.4266875898017175
554,-0.007191132207681481,1.1312221653131063
623,0.09348505070474762,1.4458606874436073
249,-0.05812991836666809,1.0594717265047446
485,0.10114151396168992,1.446055613784237
636,0.021850214873707873,1.197020361042682
1736,0.17551028240914404,1.0063473885963508
1239,-0.2800644852182699,1.0087641514524925
1659,0.10793992206228939,1.3551672219757143
1290,0.08178293940910017,1.055775619745976
1613,-0.0005432530947849969,1.029518170090584
346,0.45452927488018546,0.9916410945041614
1220,-0.2581555373992949,0.9479241205831771
542,-0.11830260165555269,1.1339772137974742
638,0.12300574527959701,1.5181018580578154
966,-0.003611244941374143,1.128930733680592
389,-0.04908761043746282,1.1326512709892933
1223,-0.6528229939405392,0.8187393185250964
1149,0.4650284738611194,1.0196127208543964
1923,-0.3708125619903406,0.9906578060266522
219,0.1460120321845432,1.359501995100531
559,0.8548722799226972,1.031510117155436
1288,-0.15267819157072923,0.924910807083953
1132,-0.02689767294898643,1.0633606645547626
1985,0.19957810858119288,1.0157622181357668
1592,-0.050090505261514276,1.071414485863267
203,-0.01869590205925601,1.3548520145004286
1212,-0.020733593675304116,1.0602533825681493
1313,-0.20045356298807757,1.0388118980149672
1997,0.10501658438799713,1.5259757894157624
1876,0.5649807988652413,1.046607181224071
1942,0.6933447092207369,1.0586000787896734
799,-0.13091374279149204,1.1373415713831558
1110,-0.025169523764083088,1.0646265886145467
157,0.538289079029843,1.0298665226593615
1969,1.007569787570291,0.9208012754370166
1460,0.08927586978557081,1.516552343071989
1049,-0.07902133438779342,1.0188448334066713
793,0.23125822468637613,1.0481743934447894
57,-0.003611247272650386,1.149264413161803
165,0.0908958627297942,1.0631947042250325
876,-0.14142220125797966,1.1412277589692863
1075,-0.17972153136527974,0.9669891632812264
1162,0.4784661317100724,1.046598453223279
2012,0.06110181054935088,1.0522467141602032
1267,-0.057552997145318904,1.096243959807801
973,-0.2809950056335503,0.9982276871393232
885,1.0695363080096478,0.8788074381178145
1271,-0.17915857985309874,1.1596935923152552
1593,0.269437978074728,1.160433602862825
1830,-0.20662309287606953,1.0334682790654268
200,0.09507142874602356,1.2019491352977862
1085,0.53310374000936,1.0114674016942384
428,0.7768600431557082,1.0571770210832256
1158,0.11192540232355172,1.1887760062978205
2005,-0.052062870978431805,1.1171656904791343
641,0.07636953190779104,1.3665581246659175
1425,0.04591869138530023,1.1889219795139039
1074,-0.27492044116243136,1.0101425372971744
1356,-0.07027835525740767,1.0163464631618229
734,0.11231115332398195,1.2869197087984565
1612,-0.2505017738864009,1.015386492809133
273,0.12350178700484465,1.0817506321637549
772,-0.2810330040742461,0.973693708340692
1361,-0.0869486070806006,1.1389853240203063
717,0.08248321982818978,1.2042109082756478
1810,0.12246316017935627,1.2105144560567556
822,0.3726605093694439,0.9605719068375362
1552,0.6806501043396203,0.9610620573726897
1135,0.004100924147396917,1.0648578141104152
1011,-0.2559705430037789,0.9497268986792964
583,-0.06327211200467218,1.1272553261085976
61,0.053299617715094186,1.0240131038131077
247,0.13205792555385265,1.7573031590341817
835,-0.11696913161532713,1.0429261102797063
457,0.13521658456243438,1.5050182830628658
385,-0.0631010986773828,1.0982289841856123
1681,-0.28093935458761554,1.036100090385129
611,0.3965789063220593,1.0233321856959534
1179,-0.11950244808312216,1.045712289571487
1949,-0.35352987549636283,0.8730379263328774
1836,0.11430094003578704,1.0792924258334544
1914,-0.15198462707427499,0.995611220541704
1786,0.06283589381325148,1.0796111120648644
1862,0.08856456138593208,1.176156475733905
992,-0.21783315548640125,1.1590610929943128
56,0.06644165907690791,1.263423552633078
528,-0.17041019335914345,1.0259678843859736
2015,0.12204106821114892,1.5573131414201529
438,-0.24304005947506707,1.230480471503099
1704,-0.1181259634345714,0.9290084909647931
723,0.05653483630475133,1.1637430298908527
1731,-0.12616934016288273,1.046431827121711
1285,-0.02148961281791063,1.0460895482708337
264,0.11697729556925228,1.759164168379312
1797,0.12116428028483686,1.2112606821225802
1842,0.1287639244523084,1.0698631338081641
1081,-0.3171320601180182,0.9976364515756516
1807,-0.20477799991330692,1.0978491663565275
1178,0.11067778477799207,1.489794974526217
1735,1.311862959522184,0.8672323612289268
106,0.08331280552492254,1.0647420558365692
1841,-0.3227716653722267,0.9875598006275415
435,0.4537712114315087,1.0335793225818573
489,0.1358304370672754,1.3362204139798406
1246,0.7573575982534201,1.0706705991731245
1607,0.017435772812907504,1.3561283687293948
846,0.6040636766229059,1.0376065268173864
576,-0.007113272525848589,1.0632615134649528
584,0.7941785730774261,0.2983253255788219
287,-0.07493553619938903,1.0379787707202222
213,-0.25806177963617716,1.0770690501109912
474,-0.08802376574444268,0.9388285504871567
1734,0.25090922058126824,1.0038359980749367
1959,0.13311411721108868,1.5437250930091202
1311,0.2585971828024243,1.0823896601687735
356,0.09132445950443302,1.03646814758358
265,0.07165986899880553,1.545852043354625
215,-0.2083457097867676,1.0098331880406117
1023,0.06830044207113595,1.0774113997524104
1696,-0.049105997288033575,1.1326125506909543
443,-0.24301778017354184,1.1187111282310072
424,0.08860720403922476,1.1756778444968639
154,0.478662930781307,1.0345719020460789
1151,0.4684534187504233,1.0230176000745277
682,0.036855445587129075,1.3737309188253157
49,-0.11244898600709953,1.0725894452405667
5,1.057348460042482,0.9601703402853738
1345,-0.07555254245963858,1.0642297904057458
990,-0.2157430687215923,1.0150512827324387
1546,-0.022364408872657324,1.3489364262437689
196,0.03607204600074428,1.0572538881252505
90,-0.3763650880618327,0.8573994798515523
707,0.11977564870820943,1.46529268785593
994,0.11121067699998323,1.5027348562387945
404,0.13776474235008473,1.5214409883908782
742,0.005266500973427268,1.0607939234556671
1089,-0.1811489265979752,1.0186777645202545
201,-0.27810379063881374,0.9626356754949307
1566,0.5744790979056605,1.0492225198076792
311,0.10987477571027242,1.4478489902352814
1619,0.4789184402136294,1.0339884360030693
1350,-0.3042975176735128,0.9580412247880687
448,-0.1366898312344649,1.0406861764394673
315,-0.5777385133267288,0.9362789219908417
461,0.0396945120410556,1.0290420797343118
366,-0.11461842158691553,0.9857951892022311
757,0.11368802055383895,1.3419557583486836
1402,0.13671217427181473,1.4318486366522842
841,-0.044667701298275346,1.3736751793324757
1699,0.22059488798137264,1.1113830035653467
657,-0.08802377035704564,0.9388286129765968
1800,0.23207818712075212,1.6969781488417406
1227,0.10020932044640188,1.2245852778075623
71,0.11494187435540636,1.4999628623191295
984,0.0348694053805065,1.0659093693816044
1306,0.04034147162699295,1.055461182576862
1986,-0.2959199946638101,1.0073584839742211
988,0.028714412256830253,1.323203785158383
1446,0.09566295813618707,1.0878100756677953
1339,0.2514300022892592,1.0407452426966879
997,-0.08966751561973711,1.111241046833588
934,-0.1811628656670924,1.1000515906384758
1476,0.08493563569037275,1.2048950581619426
731,0.5512510397190811,1.1047595815003843
266,0.06133964576194858,1.4314577373538298
614,0.14601202718929018,1.332991645093299
6,0.11494708199698125,1.4960684560385948
1847,-0.0656274821201327,1.1070010428939017
441,0.11384308093085162,1.0587972432014983
1562,-0.2967297265251596,0.9762236242996524
1109,0.12497395008160239,1.6863724046574582
920,0.1940078526489618,0.7229741117926844
811,0.12123679616421713,1.4759899511594023
804,1.0856784632144976,0.967233297695988
125,-0.06724642680507271,1.0683980692497692
1205,-0.3197512080427691,0.875395373693894
1167,0.4646607916786955,1.0210679634924316
473,-0.08868598065129477,1.0813788335575132
98,0.26456812772616156,0.9949897888817887
1176,0.12300532119419448,1.4632545852805663
898,-0.055793066327880496,1.1455373217069307
1113,0.19809326794806967,1.1757998617840006
174,-0.0808342799666807,1.1225183726643604
1188,-0.025170109857980162,1.0628807425212048
1238,0.10583823409568506,1.4834205914899066
1945,0.017638290256625742,0.9962284193000509
607,0.07708766722218906,1.505716169949708
950,0.048849372362067954,1.1045935331394097
337,0.1350454057054837,1.376130210987232
354,-0.4041662924967661,0.973344742206393
97,0.7513417576417761,1.0666110061087908
1567,0.12274690256534118,1.4798201599892582
1765,-0.2430274152799304,1.0697336868150253
1784,-0.22890004268411326,0.9791639575488877
2010,0.06110180991552448,1.0522467111437595
1265,0.07789952771068923,1.0621619018086574
1609,0.12300574681624259,1.4632306274542586
235,0.4229110564482373,1.0735156514542212
824,0.18855223117690179,1.0113696520001214
136,0.4734029750168007,1.0303345263966652
848,0.6775611019285727,0.9982539384220168
148,0.10877617559369344,1.454029828161491
819,0.11060657199873969,1.4127769098245813
193,-0.09283296611913079,1.0558807447171363
518,0.13102173811342702,1.4941063284903517
1067,0.13990564970614694,1.0387999881225558
508,0.13647869603291976,1.2218655241375056
1198,-0.0293874968953612,1.0859560947408597
1028,0.09389164954991056,1.5211182838293724
1108,0.14900149768228815,1.1204401957188654
929,0.12280564949886213,1.4714976498567718
1490,0.6099661818270615,1.0188794755674195
629,0.11748325453019531,1.4471982171944617
771,-0.013194612461059048,1.1031034292024593
378,-0.0576995022544696,1.1274768828631447
116,0.10625174881031137,1.0580347533857544
1852,-0.1131223917747489,0.9988166323041113
1906,0.1343553131805544,1.3235419700040338
1755,0.5323861679589726,1.0138816428171207
376,0.10431118685654046,1.5578715004136727
1424,-0.33105706768050025,0.9193689464067851
241,-0.19392685776219726,1.1198593827532144
455,-0.06710327109283175,1.092718576251193
1118,-0.1444284344390144,0.8256510462905096
29,0.01973470325426772,1.030836924985953
786,0.07939558742832256,1.4633922667737913
1799,0.6488909012861306,1.0738430115208801
551,0.004613215969375158,1.2806162706169597
947,-0.05408707147793529,1.082547753668936
1713,0.1703371846310719,1.0642617685824902
367,-0.06672517494924624,1.1429263905108915
1778,0.1317684005618527,1.7309328977473497
1229,0.11325346417516993,1.4756522322160264
1585,0.08451884986333173,1.4398068563012518
948,0.11879835854632988,1.5212831457098166
1656,-0.005760609996012952,1.3659207420240589
1759,0.19032666516230232,1.3605942342543542
1602,0.07461834015779452,1.0606424701470711
1774,0.6210255883111858,1.0087571605506374
1811,-0.2003351109669911,1.0392630939011207
1708,0.11495280210681078,1.4999793148969982
515,-0.14492960090388932,1.0245339064033931
706,0.05898033613475797,1.0442770456841832
497,0.1418547487460359,1.4652967060930058
1477,-0.11512944041178537,0.9270844057806036
1553,-0.2783786843608851,0.9452611479741796
504,-0.5122358331998917,0.869025474066263
1729,-0.5283277462504778,0.7410877385250321
1186,-0.20701921213645086,1.0383799811662688
1189,0.2681861332505062,1.1551993232241256
1753,0.1835036502019223,1.0554746437295282
914,0.12342137286916628,1.5188115465903784
1808,0.13638345006113262,1.490386553475216
615,-0.10730601128276177,1.077417945796708
1958,0.11221629035815887,1.6906401464869434
1367,-0.3961011973114729,0.9820691033851481
976,0.12375698687794522,1.0682345581755384
1577,0.10576423190730959,1.551968181645305
374,-0.02951932730195678,1.0767806428442324
1814,0.13473584551878384,1.0759272434734939
1126,0.7505395433171898,1.0798170966746978
886,-0.20315606742170597,1.0369957333871613
1255,-0.11665665468496707,1.0047443538315728
1360,0.10987272593838475,1.5357483655134356
364,-0.045403467061097165,1.0891545310621944
803,0.13369094552717875,1.4986629260303195
1444,-0.06262861590856475,1.055796094812279
570,0.7222364969607031,1.0475958661424931
44,0.5962666908403714,1.0598843418450437
169,-0.05162687689341172,1.1171265491475781
189,-0.7159398169891436,0.8311284817280715
429,0.5750353635939328,0.9597054306343303
2006,-0.014644311679386356,1.0812883596594007
94,0.1309969968782776,1.0208230605784159
288,0.9280111728297599,0.91961755123128
1793,0.185700182028426,1.0077702609421928
1501,-0.2216813890203284,1.080010172300677
1594,0.14050187175501633,1.6545419881858205
1662,-0.20191463337317164,1.0045778491044095
73,-0.10258483137943704,1.1093003746239416
82,0.6503518732807657,0.9729708401109304
1354,-0.3997472034640542,0.9761075372942069
902,-0.407576815743114,0.9714786213957777
79,-0.5274271486598674,0.9732012008155484
974,0.12437287168051496,1.4721277032708204
1321,-0.050215014948579634,1.0107286596622274
1092,0.01568625413005442,1.3553307908190506
1068,-0.2743157062669793,1.0239854998041016
1761,0.21856342128101958,0.7422885636155202
507,0.22124057485183674,1.672226392948776
2017,-0.02610681604217081,1.0253438134489288
1389,-0.15049894785313903,1.062927875811559
427,-0.12559791360010086,1.0451376837704975
1981,0.004051685388225747,1.0653452510012107
1947,0.05310485931659571,1.0573673683675846
1183,-0.04873912555504049,1.1239786802158085
391,-0.114582560003281,1.0104429233633911
534,0.9234074104068226,1.076051979968734
572,0.11518480839524213,1.0942841587621528
8,-0.055886577486320865,1.0994350871586538
1767,-0.32965330874033427,1.0140887900644804
64,-0.3606742852695508,0.986442830223908
1654,0.2509092206164664,1.0038359992714714
1017,-0.2020207955470556,1.0560179883956138
91,-0.06674912144748238,1.14307323178964
1120,-0.31621031449155323,0.9951002538391663
922,0.14084743454535287,0.9957338189603635
1489,0.10641923742920331,1.4770890272074004
1898,0.06644165721081598,1.3842521744305754
1702,0.15194088045465298,1.1685918246359603
1915,0.11090825596202593,1.4639330422040349
726,-0.08257344650118933,1.096376159532137
498,-0.02468682172613175,1.0718334316296265
156,0.11180433099276235,1.5071318729981056
1686,-0.19169530274540098,1.0216983525648742
220,0.008395543492888295,1.1025044431834605
22,0.20279838519576487,1.028549466470885
1745,-0.39295685764539057,0.9830612233471165
878,0.17154429692261772,1.1260319657531683
383,0.3668471036729625,1.0746924096261583
1952,-0.6621874339184746,1.152851431418542
1417,0.5842441461312379,1.0999984977134918
324,0.18475586033702862,1.1049613487840895
861,0.03548737695113428,1.3982213284147493
700,0.11509675434462391,1.4989073038438088
490,0.035930555188436186,1.037359180732905
1967,0.11678914275997937,1.515264912410238
506,-0.07074173529335567,1.0979757498566511
875,0.12206614886308051,1.4579587357777535
72,0.1028442756846945,1.5453251777431838
860,-0.7221601527798169,0.8967181086893292
1631,-0.07030332898505291,1.0593591906204598
1088,0.12472988077379593,1.3384548266673737
667,0.142295993967067,1.1137109375162944
472,-0.40027188354339177,0.9746383748815619
1037,-0.021520666100608498,1.0992494073105494
524,-0.20713538277163787,1.0901419553316376
1226,-0.333762185171579,1.0558142302002853
767,-0.026973285307573654,1.0999996326821555
145,0.1415172202883605,1.4435705393412062
36,0.06644165774206949,1.318335400940324
1082,0.6112051681930945,1.0536650683345086
1543,-0.0240636518410021,1.0735238344848537
353,0.2027983832763129,1.065951287631107
1325,0.07708766742266776,1.4006662033678903
1509,0.09133022139845581,1.5249519277353603
232,0.4453513258011117,1.0328510020578547
407,0.05940015619809732,1.4230838173888092
1648,-0.35064980929318645,0.9960181744274954
54,0.11639794577069085,1.4941574043156631
1931,-0.03863409153945555,1.4411110845058914
101,0.05779363392360467,1.4131615048267943
724,0.023464198493245696,1.0685435131370398
792,0.10941055588821477,1.5165792098530677
715,0.10963177711649327,1.2006121363546702
1605,0.1130466978821808,1.5263447654649673
945,0.676471560832557,0.9947602305376047
1054,0.9816792898839651,0.9318039937716484
1115,0.2882035037353995,1.026215769730247
1672,0.1814042167835269,1.2196034337149941
335,0.06933062729845282,1.0607957110170256
630,0.1660114311056472,1.2975641092689456
168,-0.23794908804378354,0.9836017892169652
1405,-0.4070488792349878,0.9720022687096098
403,-0.1834851835205015,1.0493133806578157
1522,-0.026691152601852765,1.140142127521252
1013,0.14034901525505938,1.4572440458965645
270,0.12301166953700182,1.518034248236319
476,1.0281777133967833,0.931468207964548
1027,-0.010209000944025179,0.9635590792110921
1435,-0.0572134712838194,1.117462781172789
1433,0.4496079898620393,1.0356805879694533
954,-0.11375226651293653,0.9811947673711122
453,0.5204516737878844,1.0618056030540808
1815,-0.01602805561898661,1.0581408212414203
88,-0.07941281642067859,1.0634239971514938
883,0.11139889457894125,1.4756844907870705
1791,-0.33841102089961217,0.986912178650624
743,0.11629604561718959,1.5187061764071401
1273,-0.04242606266076983,1.130640808088656
77,1.0965592105970428,0.9903603083862479
596,-0.32769620693883417,0.9607926599484103
2003,0.02358954934050287,1.1991958626123658
972,-0.06800465067543233,1.1021685477614587
449,-0.3373931448305326,0.8860394223013163
1084,0.009861487344964014,1.0633580133444984
387,0.11918460845900357,1.498595343227753
620,0.1631887851675164,1.3462103268579229
450,-0.11072741883617533,1.0477878424088822
1322,-0.21482440649672002,1.0763462428045685
906,-0.06809954789789226,1.0155381520168607
586,0.11477567667604366,1.4958234405978192
971,-0.018431565874019774,1.0532944000688804
635,0.057318955614671326,1.074579955783284
43,-0.43775004963312975,0.7794985019964985
1093,-0.20658196196985085,1.0445392567009688
1208,-0.03153643111199716,1.0814183361119938
1445,0.023589549209995946,1.1991958606583912
1717,-0.023995597988201618,0.9960063268291238
1004,0.15194192223719277,1.2826805239315546
893,0.3331868293060216,1.0752625231040704
1531,0.05928081258589547,1.4030953413479943
1277,1.0312453078914092,0.9276759450577171
530,0.0679601510519793,1.4531080637142832
602,0.3140402243664305,1.276880250221647
1344,0.23125476382935864,1.048170406039986
703,0.12050676344924874,1.074771112985244
594,-0.25723040565812816,1.0624889219905713
651,0.16794245481256279,1.2665638922073914
1046,0.010890531210731358,1.38604951972987
1976,-0.045434561734063975,1.1304523116352356
1253,-0.2224713595474157,1.0266747622824
932,0.00318350945026448,1.0669913897782026
962,0.06093703091916705,1.3850771925990226
522,0.5578104261206298,0.9990146006369138
1838,-0.2427326180964652,1.0692899440868182
9,-0.05835057882676428,1.0960605897241493
1117,-0.028410961893257473,1.0856598780452849
1272,-0.026010107636720056,1.025339511538715
1532,0.1413147760366825,1.4144274573791322
1382,-0.14527986195483447,1.0251535134976804
552,0.10771505013542282,1.0518214379663657
192,0.33010098745929256,1.0029689076956285
12,-0.17663014853082135,1.0534672830163734
1342,-0.3463330993356954,1.0149941559386457
357,-0.7396946975587093,0.8941693150901076
1885,0.039145875861418156,1.3809727783286219
417,-0.4084447919665123,0.9719581898088291
1700,0.046296394775423085,1.1672135021360237
1608,0.3675507011343232,0.993453822830037
694,0.12405618428350214,1.4936274554794227
1157,-0.09750296523127748,1.062424810574192
1260,0.13360135949258872,1.6596700255779862
426,-0.11947726566218562,1.054381028350209
991,0.13102173734273365,1.5874879839873652
539,0.16570937441469336,1.2974215491754615
2034,0.0,0.9999999994465754
1301,0.12296670931954216,1.1222852933101635
2038,0.0,0.9999999994044715
1340,-0.054129664520856026,1.3865938884009432
1014,-0.23783871065162288,1.048939933023857
761,0.12598012114450874,1.4748807225606422
610,-0.31653210270388493,1.0492180315549207
1660,0.6311600924479618,0.9783286737608018
739,0.1069415469607648,1.0815915643770742
1259,-0.3210144564947832,0.9958550115037617
1317,0.11639122581330251,1.4193795253131167
1803,0.13102173800415218,1.4941063387411049
1398,0.09078631657384872,1.4442185612452254
1610,0.1301999685011825,1.5176707155674662
179,0.13626957025278438,1.0814080934726724
993,0.09091825895177025,1.444109688204956
905,0.11686696666825586,1.4877151774757185
1406,-0.08017484250048344,1.0916256892939173
782,0.13966578932894808,1.0526558844016167
1320,-0.11964815511648828,1.0196632051920012
239,0.45942179668996097,1.0496723280420743
911,0.11496789614995034,1.4999905067512775
1200,-0.2206328666544418,1.0806085133195522
737,0.6311601974280336,1.026756154880668
1032,0.5262898007191092,0.9607458960664685
1822,0.2509092198609227,1.0038359997775745
889,0.11731009173346342,1.4762281680479423
1528,-0.27653681294111876,1.003708032333263
1817,0.16208182639730984,1.0348024578598547
525,0.4824871489481892,1.0355194338519553
1403,0.2693936899388313,1.1443974172180327
488,0.10706824673037987,1.508993974482578
2039,0.0,0.9999999993991168
458,-0.654975322594252,1.161813469229941
745,-0.1731562134117473,1.0211908423829683
696,-0.017158649040640638,1.071984634521688
1865,0.6503518708322091,0.9729708664659554
1450,0.06644165878306622,1.318335409730907
1541,-0.11244898274377178,1.072589445698301
1877,0.10540708515182091,1.12944199895998
668,-0.006353294410688262,1.0682261559855024
45,-0.11742115986186456,0.9269933723118373
1427,-0.17905027005042032,1.0254302220569869
1910,-0.03049258534069947,1.0307985117491438
1663,-0.04656557871984896,1.0269338576969862
436,-0.01888639335846886,1.075728220364801
527,-0.11461818776240204,0.9857946355304569
1581,0.10497597714083806,1.5586108210075207
872,0.06524721855818809,1.0885214071390885
440,-0.007705756656723903,0.9638632246242655
1002,0.15446869755997938,1.2496227248278227
105,0.10875471655888941,1.7376134558663296
1872,-0.03587909904184692,1.102999421409671
1916,0.3302473702079524,1.0092127658412333
547,-0.02517010886362615,1.0628807474938693
400,-0.04563116888241942,1.0840100372686352
695,0.05382180923828184,0.9992562145002251
480,0.14186114795381274,1.5157672554953852
728,-0.15032090169206216,1.1228654698879983
1214,-0.049121295818886856,1.108538436574583
744,-0.09528840653156918,1.0348082300045918
296,0.3094563632865699,1.1257461234315322
1679,0.03635293794682673,1.2063965914767885
722,-0.2080549091569491,1.0178348456939479
1039,-0.04540345864218827,1.0840057380824166
775,-0.2922153076681936,0.9507584437070902
1103,0.13020340281520265,1.3208460764250332
625,0.08037695544267559,1.3823939020369371
1247,0.128648529836048,1.5013539261864157
1962,0.11672855146843436,1.5317620193354622
50,-0.2459863607059832,1.0231848445088954
526,0.2369576808886431,1.0935455272679933
1674,0.05653483499183758,1.1637430465812721
624,0.11303589941692918,1.4600435061894415
162,-0.06999853062295104,1.0421988627433583
1639,-0.23700834511665045,0.8890516766637867
392,0.2697295864753276,1.0137182211435594
63,0.011054663672333166,1.0956197519307735
92,-0.22197551863095058,1.078948906325448
1757,0.2684262078343514,1.1485048721653026
1299,-0.027153374634194736,1.039543701453558
1775,0.4743834802341237,1.0272042829076704
214,-0.05755300403671356,1.0962439499937866
1917,-0.4010447959797654,0.980064785823568
573,0.15183908719671754,1.1029376256216434
1387,0.1259829190417373,1.4701236084938043
780,-0.16919032352114236,1.0222244909438523
949,0.13102173858336869,1.4941063276608624
1071,0.5313355460266878,1.0597924677845993
999,-0.08802376537894417,0.9388285474269972
671,0.27418807563458714,0.9995445631162073
812,-0.14795906257867036,1.0263466433083788
2029,0.15247451895341257,1.2857246982362625
1262,0.1110685883126778,1.478320791013922
719,-0.10886219484059886,0.8949423313267248
1409,0.6138809363020854,1.0228102366645133
1892,0.5239169363791254,0.9600637141139985
1569,0.05708661843456607,1.5625045545350953
544,-0.025840494601346926,1.0831742848031007
275,0.1351567548751586,1.3237351035310407
1707,1.2654618027248457,1.0311587003328206
826,0.19355736515292246,1.0048681681834504
1806,0.5577078585993703,1.0007619203800238
1934,0.213556919972413,1.1998116431244736
940,-0.34639321906748344,1.1826825946977224
899,-0.0040162200292722305,1.0312345380942212
1664,0.1594593090744181,1.3286500347401444
516,-0.20203255115437382,1.004423546302895
1536,0.09918579355419668,1.4385772884541903
286,-0.022995053504774477,0.9720110433127809
1573,0.0028892439625872457,1.0685324148090212
2037,0.0,0.9999999993991154
1451,-0.08792864120373788,0.9385840150993283
1870,-0.7574351300384052,0.93000811147883
459,0.0014335222951438824,1.4171508963940904
465,-0.13783305027413156,1.0047686435170815
652,0.24910151398303554,1.0513218729998028
1012,-0.11379459666662707,1.044155801714707
1128,-0.2163894562493051,0.9990899560004961
779,-0.22001725798840072,1.0806589622642737
308,-0.42247787309789525,0.948893843906216
110,0.0644368975504103,1.4300986435298018
1393,0.036289628759370626,1.0352448742977902
1146,0.25090921934977645,1.0525068394392947
1812,-0.3999679213824866,0.9755717333996862
1090,-0.13805716607684926,1.132421371597344
606,-0.39742608122363404,0.9094416868214951
943,-0.37999432968971975,0.9790079699220738
1370,0.0725273826818431,1.363064905242114
1703,0.11693728127457262,1.1358723781808993
1744,0.019825391886501356,1.0760560533372028
231,0.15864640863396073,1.6192595280739224
1565,-0.4011929269761842,0.9814666052892036
1034,0.18350364593704194,1.0554999806149357
1641,0.13114465942043793,1.3546112673629365
1065,0.0656007575556217,1.4003489272218776
1021,0.8665269216998454,1.0922407438583532
384,0.11223212117854493,1.6904265028426857
1582,0.2312566559275737,0.9997017951797317
1374,-0.03222027527456091,1.0672861347129843
1141,0.07583713891724815,1.1000000135902606
1839,0.23942584007729853,1.0737809573333674
173,0.13102173858690552,1.4941063276975441
1418,0.11789991026919043,1.5158784593527455
233,-0.06421933966183715,1.3128533529833213
1993,-0.4040040547685666,0.9739919229602066
798,0.8484852843968406,0.9991963666485547
1206,0.09879229011493189,1.0877893367760445
1563,0.029263117026336653,1.0912748211960794
130,-0.032519605718565756,1.0411682030739644
1570,0.9346564589414366,0.8790633107771428
1671,-0.2050729378973713,1.0111267264286232
579,-0.13045559782252464,1.1375709908167657
1943,0.11495821571856742,1.499983727834332
1225,0.10730059120636559,1.4846597450456536
1616,0.009430749967790433,1.1000030670913175
2007,-0.015400151551501212,1.0976753458650714
901,0.10102128636580947,1.1681105441266493
1073,0.5788563127310575,1.0204976874916618
720,0.023506284143671088,1.2311210329664537
108,0.7371805370740846,1.0582023066734
1658,0.0565348350272279,1.1637430300715557
100,0.07349380789523383,1.1834200323158468
597,0.12127223070282715,1.4983928655061278
1630,0.3024234099524454,1.1130148186908417
1233,0.16601142400531776,1.2975641469809065
46,0.39173991001811637,0.9597808662422977
532,-0.1858902559061697,1.0348042355642806
444,-0.20646806738103182,1.0366119671057594
735,0.07485828194924823,1.4289946145649945
1953,-0.15607189554739836,1.1241010003746925
151,0.11628342271532946,1.4777821489255698
147,-0.34650553528967865,0.9237909191632127
1900,0.0492161533206596,1.161436764175179
1653,0.6838281591762382,1.0531824469142783
736,-0.18885393151689844,1.0228423295490199
454,-0.41597885580344607,0.9828719016496847
342,-0.18868354041624544,1.0251450895212162
180,-0.0502150138917244,1.0566708746696223
135,0.05678335268856809,1.0607014484957111
1823,0.13102173784904328,1.4941063359658637
1228,0.06644165864482757,0.9726426027493974
48,-0.29289121875598506,0.9565128093886799
592,-0.07656585345849103,1.0896422175984344
408,-0.0071132735332089655,1.0170327519646025
1661,0.41240494393116983,1.0396642298384042
262,0.6039129163211309,1.0215072291322542
1331,0.03603445503268185,1.1941915653247697
1495,0.11382307807412403,1.4704492321314768
1035,-0.14969747071220288,1.123640109011897
32,-0.02920822422219217,1.0933561329090828
405,0.06251436786336982,1.2068270075881713
334,0.10856880538947992,1.4869011250276687
1779,0.07732668972170724,1.684912874649381
2,0.11469089297102579,1.4956669189163572
1181,-0.11237592743145836,1.072604140244271
183,-0.10494056241424547,1.1024578874854072
1122,-0.08647041149833118,1.0681310635356773
1399,0.03004110247449419,1.5505037135482955
752,0.6448024680204621,0.9785649113151407
51,-0.055084092782767574,1.1146259167053354
849,-0.08687635037668676,1.041463114196765
1957,-0.22740862480861831,0.9832238751702173
1515,0.16994282512507392,0.8992338412236044
2035,0.0,0.9999999994464754
141,0.8132993743094871,1.0783177660260104
1525,0.10893724472110104,1.5366450906551863
1781,0.1110288434770891,1.6454717957513614
340,-0.031238928158688724,1.0917600384827293
278,0.06983912876185738,1.0580997374799843
1297,-0.3265993655618306,1.0142579975752608
1796,0.1206475714171372,1.2860235182219388
1381,-0.047446152819261615,1.0422894738894217
1749,-0.001623534306016682,1.0588887533074993
1871,0.008065832157400117,1.0727761289168196
1549,0.07147568473656034,1.0595512598911032
1064,0.1944453648149895,1.005001037604265
747,0.8715601043050986,0.9549480496535233
1248,-0.010708218618888514,0.9630165588888949
1346,-0.34639240839377416,1.1974672060308158
218,0.16794244848723494,1.2665639328308733
612,0.46041175577078186,1.0152967014926473
631,0.2683986880285895,1.1543823777607112
877,0.13460768141210455,1.5058793607299594
1742,0.1414339223152645,1.5176227369605242
832,0.18994075590942472,1.1712814324290475
836,-0.33522582532370215,0.9296938626161072
1372,-0.09406996673730851,1.0606634988991825
237,0.749996943117716,1.079328961126583
713,-0.06922023282434038,1.0267655933826716
419,-0.2048832650191194,1.0102016149232655
1051,-0.06062443489022915,1.1080384037528193
1650,-0.3026502539782948,0.9695033775151273
1348,0.13001152198023266,1.0491779582548704
1899,0.1092143380452369,1.211649485704577
1932,0.377874806655313,0.9879260761721159
1336,-0.008109337539435806,1.051601095222065
1937,0.8373529438357736,1.0191620288717063
718,0.27113063481252864,1.0348100168041034
1965,0.05614985526820688,1.0755528867102326
37,0.20334684092077915,1.169255358708654
2031,0.0,0.9999999993991157
1530,-0.2457684300336982,0.9622132393622578
1752,0.027114005299768623,1.0394048825029154
1559,-0.027421370376532823,1.084276138300449
685,0.16683490937731169,0.9136531579100686
1235,-0.05511075285618209,1.1038994778938833
1249,0.2509092205754449,1.0038359990539139
755,-0.11237592439180978,1.0726041406845865
958,0.6022953760121716,1.0156182632366293
1202,-0.22812465445219693,1.114779160238268
1712,0.6140222158567757,1.0011082593216962
1368,0.10399719950440704,1.484002605490871
1982,0.1888816479958123,1.2728624800898698
1174,-0.09694484144887586,0.9935584082066988
1497,0.029368838677925575,1.323965215591219
919,-0.1591994661824134,1.0562667811186193
1649,0.37193055213225257,1.0121426109853244
1384,-0.3085724385621545,1.0006485262157248
600,0.12143224904627989,1.5905542579852328
787,0.05467833811866206,1.5101097595351203
1080,-0.24899200514678052,0.9748741227092936
672,-0.39977973475484346,0.9770739794099706
1467,-0.24134029380550745,1.1267685699672665
272,0.4437089543750287,1.0081346180907944
1534,0.0032289201964035277,1.0457152753955166
1142,0.13330479310724355,1.5839608261685798
1076,0.8652544825744134,1.0999997419805165
1535,0.14884305849141466,1.284774629812877
1584,-0.03455449385961058,1.0149512994800178
1127,0.38746756189330583,0.9396175208691736
7,0.03757206513805382,1.3791948258659488
1635,0.04919802673901828,0.9954085685407023
1821,0.3137641190297459,1.0430161752675586
1168,0.1486803860794534,1.3228660002468677
795,0.11182433212138333,1.0147096672827756
194,-0.040343947484823305,1.0575614531580415
1844,-0.06704697975702675,1.0760432022694897
1727,-0.07401613297916186,1.1219347329938056
140,0.12488770805306043,1.2032991880782269
854,-0.03263833152371656,1.0411235049578234
1256,0.7397174143568098,1.01670643165555
936,0.09711011070961444,1.0165987427924306
212,0.03416568814110366,1.0911357409929097
1312,-0.010708190440489115,0.8374056808070831
908,0.29676629717040365,0.9906104853833441
1428,0.22124057485157453,1.6722584783389023
369,-0.9480655948063687,0.7090253436726804
1950,0.02231349894741071,1.2799859451190274
211,0.16015302693957184,1.0956244295389683
1756,-0.07397340960966935,1.1066537883566023
1763,-0.39993274353839636,0.9770795586451531
678,-0.04143581905127553,1.0547711416250216
1508,-0.09304151615302943,1.1841382421904618
118,0.27630405764341515,1.4258286675327896
283,0.10863847784196981,1.2716661173560506
513,0.31376410667624105,1.0951669605386425
1124,-0.3124570744197939,0.9292420222706425
1022,-0.01464431181708535,1.0812883595422933
1851,0.09044303181700397,1.1785035750754493
813,-0.3848496300629322,0.9940396186746857
1912,-0.42471845483142917,0.9347738410152518
425,0.16774779657301137,0.9112867125676262
1547,-0.06919589943316982,1.026715536273025
900,0.1328861660234848,1.4407331794162594
1977,-0.24409455950288445,0.9623118952463243
546,-0.2903986959706835,0.92715239585765
686,0.12661063229497566,1.4759348194340614
301,0.16038760627458826,1.2816094608161077
1153,0.3434733959407955,1.0749073470229313
784,0.1337442998974249,1.0578779082964396
18,0.046185041743939295,1.3940699577930356
806,-0.24547407479070285,1.0594223145048667
796,0.08999635587920955,1.0191750309347185
517,0.13849218639841157,1.3393268459332142
78,-0.27831450797374796,0.9983253650400149
1861,0.07497090965113663,1.0608155903866878
1177,0.30504590657070685,1.0868732010758748
382,0.03289795645855633,1.420229750283345
74,0.474085529999102,1.0028273045402831
1419,0.9048968862517182,0.9579523516548402
1056,-0.037200448109487715,1.1376628901731163
1513,-0.002830436777042699,1.0605381244884073
1946,0.4674610501825628,1.0293718535300294
1539,0.1248936177721428,1.2032286281630007
33,0.0600379541692084,1.4091810145320567
52,0.09416729535978278,0.9752162189084496
2022,0.13948034421618283,1.5492503783619163
1363,-0.24449104494947038,1.0017142142517106
1031,-0.03769032044172313,1.2953626446732462
121,0.11602900807830527,1.43750108608837
1690,0.549394870431143,1.057450095354445
395,0.34347342350398274,1.0749071260031968
1069,-0.017765630257143655,1.3152515746359046
1059,-0.22379486834746512,1.078185269098114
1669,0.1304977619475328,1.4079361832232529
918,0.10826167770745741,1.371891793667603
509,0.12187866257168385,0.9399837138217081
1655,-0.1004796923744777,1.075930944698797
961,0.6156542082588501,1.0133272216399936
1924,-0.2194280354204178,1.0766344607252762
1383,-0.25222370515011355,0.9686869754814691
1625,0.10745284709738537,1.3733141747669482
1498,0.2694379561162128,1.143856377837337
1835,0.1835036535944319,1.27973959264086
1155,0.568032328028345,1.0528223928105196
58,-0.4887709285728005,0.8271552659041267
1105,-0.34057924994007804,0.9658858150492247
166,-0.11715047771816604,0.9290509189086874
1667,-0.3750438866200681,0.9793134002657593
640,0.12301951642511831,1.4844362294892366
1554,0.2433071835214336,1.0602614866804956
280,0.12727834844711186,1.5861991156429032
313,0.2374955797525251,1.064420710020472
1404,-0.592309829397312,1.2284243814267592
645,0.1010531676560786,1.4537780226371948
759,0.12277626564571929,1.4710806181154454
1453,0.10857080526153852,1.6783688956055376
937,-0.2430334861975503,1.0697295221242735
1676,0.14229599395020787,1.1137109354409824
909,0.36895632333337774,1.0107058353002838
1719,0.25903642914018266,1.055441090447553
1057,-0.13926542930589994,1.1171430107356852
1486,0.04954458670341538,1.2225827421325435
1204,0.4624846381000523,1.0172252627476392
1909,0.2143319530171917,1.099998980528911
99,-0.16778679041270186,1.026039591140645
1964,0.1102113935557761,1.4895430959614135
1632,-0.04776728651806766,1.0518025282386496
437,-0.065568311875666,1.2850768131553134
1902,-0.28837998172598606,1.3010607420031564
285,-0.05772974870952863,1.0960871310225795
433,-0.06229850166760179,1.0897447343649327
955,-0.22707116380159983,1.0776320511304376
406,-0.05795694524778097,1.096151346491882
1583,0.15286967713211,1.0182723621612273
647,0.04857834611408431,1.0535248604962426
921,-0.38507503714600794,0.9940549863842915
1100,0.17011648775793534,1.2573003444642934
1310,0.017017961720727715,1.0864751507881099
84,0.10595267992133382,1.0577828350047458
325,0.46901916496315477,1.0497032673094144
1411,0.1722688114320845,1.2707507095726298
104,0.5766345921685104,1.0435426342580436
410,-0.2842528315646507,0.985010119654137
185,-0.07860181221499114,1.0727083020056338
1901,-0.22417440002253755,1.060174718616274
267,-0.058129952324221676,1.0329851914059518
1136,0.44061600757207847,1.0553862474808864
1245,1.011592316411887,0.9220583664348421
626,0.02288723206729758,1.136069467833805
349,-0.1401042661235147,1.046735408939392
191,-0.06614424749670988,1.1202114670721064
807,0.7005415807142249,1.000070923451497
1175,0.18998826805077584,1.354092934532477
1104,-0.9553233016659498,0.7138889631043068
304,-0.48878380667500076,0.7857848906124092
1276,-0.2456210565761043,1.0504144161784847
1983,-0.04771740171300925,1.0422038036465675
1979,0.15734475089456657,1.235910634019202
1760,-0.00038349520792770915,1.0913198843942629
1723,0.4269974795277038,1.0363777988564478
1843,0.23695767726286385,1.1123998549414562
1222,-0.2352809111822615,1.0089371796338578
1998,0.01392300898912561,1.1729970394226366
1905,0.06856006690837105,1.057682955468599
2014,0.10863847810235351,1.2716661166376229
1533,-0.08733382918488058,1.057600519242902
580,0.6365181067458087,1.0344837905732827
420,0.11883102318522805,1.4688371379299134
727,-0.09841750116130114,1.0451670088830622
1920,0.4661208028303268,1.0142035749220453
1798,-0.045525615012986256,1.0684892208934471
856,0.13281100028979465,1.695797049198123
1951,-0.15354381318326213,1.1167375843370277
1333,-0.4139649145414167,0.9815717385507979
1496,-0.04552561513398878,1.0684892224977156
838,0.05663099608142065,1.145682592576699
1095,-0.117244488408066,1.1068343715548976
977,-0.09292900837831122,1.1709448291903912
1094,0.2731440331809329,1.470189832181759
809,0.13902710428586565,1.5334302301769356
16,0.026336314883634145,1.3201844046331053
1171,0.13833801273198937,1.5315051043301378
40,0.0002754162503169033,1.2591164650844213
1693,0.14874810956585122,1.263907556395308
1802,-0.07212469165553594,1.0908614857389178
1280,0.019617216800602695,1.32878244704864
1066,-0.24617316589533828,0.9632567011294352
1557,0.23695768072147738,1.0935455235037874
1954,-0.3846365034195252,0.994209326211131
810,0.12041009149755545,1.5208830559920514
1828,-0.328719316650529,1.056946003125702
1125,-0.19992680451842407,1.0518097671748812
1194,0.7923362328565823,1.0891900071766152
1746,0.06783625587510941,1.0559023112780712
571,0.2989380870037826,1.0808794596626732
128,0.1106879429458444,1.3802786912772398
138,-0.15918856634941295,0.9093783464297126
1538,-0.24880683331524905,1.0470800564426561
1020,0.0700336625866477,1.169804489263001
1813,0.4683655098796427,1.0235757845849633
670,0.27999699580152937,1.471770687296964
1475,0.4875682440713749,1.0130663634019283
915,0.10718298566264804,0.993377022777026
1298,-0.0472940385558937,1.0659611709591068
1114,-0.025910973523889456,1.0631921491951692
371,0.1337368381330506,1.3236635950537858
2030,-0.01736679196473132,1.0688205697118676
41,-0.2243948045748317,1.0778329682767571
1695,0.11516180307611154,1.5200473591640902
1236,0.13102173808024642,1.4941063332426558
1284,0.12441396571223778,1.301941194207961
475,0.14186114835005356,1.4435878456180127
705,-0.1889044852848825,1.0434487826534515
447,0.1350334729529742,1.4298918858026493
362,0.062391550095495664,1.4083553282543073
593,0.5353697321300865,1.1726294210312138
619,0.23563608732480396,1.1173574885378665
505,-0.8511885468866912,0.751264527899962
65,-0.10910949483970922,1.288131167469811
591,-0.2995568769129183,1.0620941563195558
543,0.0901856849631315,1.1445780036542086
1062,0.07388958838632352,1.0604024834877617
326,-0.02229553217809815,1.0642621143818807
2042,0.07963861305049164,1.1069218872857642
1792,0.25090922056145604,1.003835998130687
1527,0.07171708569885826,1.059152741926972
714,-0.09293537181184983,1.0361375473629233
1244,0.6036639118361286,1.0059655359190518
467,-0.3296524991544546,0.9893555711111403
1308,-0.20291516524299277,0.9940081052004973
289,0.2890558588850946,1.0263920169891196
250,0.11497566536325428,1.4100462160428264
926,0.06644165769813452,1.318335377886
1928,0.9920527619014314,0.9115963606444887
1991,0.18998824417689328,1.377789639553932
1464,0.48080023959103446,1.0351155717999205
359,0.10112055656508298,1.2119832616529653
1159,0.13723166668821557,1.3341212652366035
59,-0.4073369924295345,0.972019618207947
184,0.11384308153773186,1.334713328103933
1048,1.0346840309394292,1.4114390593141104
415,0.46105383349596984,1.0953785025215428
1134,0.1346344470780554,1.3566951027441436
1558,-0.22362502264314166,1.0027187867243768
1855,-0.2584429239776872,1.0060478135826088
1077,0.1903514471967247,1.0266477459363135
1394,0.18603602958212093,1.2302084049733355
293,-0.745516477887225,0.7000050797297263
421,0.13102173797136912,1.4941063259323395
1243,-0.23159076374185514,0.9730129466473979
1634,0.10616193676735898,1.058186378862879
1963,-0.18469991820644097,1.033080696204929
1309,0.11921338039504621,1.4447780843057432
514,0.08249409340061577,1.2041786572260338
1970,-0.05707992074004588,1.0718238565264147
350,-0.27430492388656397,1.0101401304791275
676,-0.4175887014091156,0.9212447226278169
683,-0.9221423783286565,0.7370979007727031
1316,-0.184224543630298,1.0495139607191803
252,0.12273404139160245,1.4721757097500827
881,0.009103510412283246,1.3390960609825757
660,-0.14129272404545884,1.0599419063118993
1604,0.9922891835897935,0.9110182693240249
1555,-0.2263573787212562,1.0775880189625102
462,0.12296669266719658,1.122285496659331
777,-0.0667694517188187,1.1432752633549306
1431,-0.32290134731789266,0.9879238557520716
1295,0.11580705625696705,1.0921837136244814
935,-0.15004010055082534,1.076045371135563
1514,-0.32027942705479895,0.9881812635794407
1303,-0.49072493600752665,0.9723086117827715
127,0.12300584105922982,1.518100701215715
1718,0.10837469092539073,1.7380823659511573
1007,-0.09059436159665434,1.023426015517286
1827,0.14738197747613627,1.2629257592110448
944,0.011640003145671131,1.1512609558475504
884,-0.2413477590189814,1.1267825549959796
823,-0.0440770874801535,1.3659711895258944
633,0.13503347507562544,1.4298918744934535
177,0.12250668763571237,1.4794040625090408
254,-0.2597609332370718,1.0578577634419
887,-0.00229610057681027,1.0746936409644405
1237,-0.9075778338522841,0.6474760667788532
1266,0.2497510505633822,0.9953269555941764
1251,0.11621410017089367,1.4777673894478853
1888,0.7513399416250979,1.0666241396624536
790,0.25090921986976605,1.0038360012516967
693,0.11735412972198898,1.4367338884851637
242,0.11275979662613811,1.0491530910197373
746,0.6360516924197991,1.3646397225227496
996,-0.6985483614121101,1.1773260403298402
396,-0.151984637489764,0.9956112199148369
834,0.016338757987824665,1.395773230856857
1355,-0.17417206334979118,1.0163929483554757
2033,0.0,0.999999999446559
260,0.271130643707949,1.0217441729903727
680,0.11258131338614263,1.5003765625688117
495,0.19862509718780685,0.7366548970243731
740,-0.1634823493058178,1.0384110214615594
1364,-0.21629861198465763,1.0479887966955392
35,0.09798528478160685,1.4287698951129304
1459,-0.04563882664132859,1.036974588973118
1005,0.028714418386352785,1.3232038465198968
131,-0.20405557839199234,1.0359344894865963
1211,-0.07142747273560625,1.1457079986348702
365,-0.4092575471563092,0.9707504812954079
691,0.363312130496581,1.049926888024354
1657,0.11468167816261308,1.400737788069153
494,0.5493948393848939,1.0114783257639521
1485,0.13849219649908764,1.3393269256754707
556,-0.051899970426194424,1.0356840549908937
1832,0.7222365725327686,1.1189373435811836
896,0.1519419221500237,1.266844949713101
1449,0.10955434176941126,1.1790309448312815
768,-0.4078261791949442,0.9738600065484561
1148,0.1746921946280968,1.0629931416023723
139,-0.022035805386630872,1.0722789471558356
1682,-0.5763525228911026,1.2284299480613492
1561,0.28313978182527844,1.7051134741944813
1724,0.11615864691363403,1.477603013046104
1768,-0.3021330267647455,1.0259306937599373
1362,0.053059759804835384,1.085089609325469
1589,-0.002930762864319292,1.1501089227538244
827,1.6778879759464969,1.165437944663222
1568,-0.010458763921932533,1.1042932176666993
413,0.46764608081318804,1.0208786626959079
1264,0.11675221798802693,1.4661480406193301
1412,-0.3837974299347296,0.9939249545598223
482,-0.046669358065073815,1.0426794437763325
549,-0.028410964352436497,1.0856598774662976
1722,-0.2779726770124622,0.985690575085938
27,-0.010652647924110406,0.9629199667883813
882,-0.04552562169792251,1.037063118604811
1447,0.17905824094720194,1.030747587206923
1750,-0.7396946799632174,0.8941693170565185
503,0.06943317692979536,1.0604966168568972
1820,0.2369576805869284,1.0935455225408035
975,0.5762239054456582,1.0468193023586954
869,-0.10837574553146037,1.2979311892105627
1033,0.14034745962207948,1.457227648132631
1242,-0.06793067302665555,1.0338651719523
1307,-0.10020047082966503,1.0746626514765099
422,0.23546929686580537,1.1528318061897251
709,-0.19870214322172014,1.065125858061626
805,0.18757295833069026,1.0890879376696454
1715,-0.09231979949841243,1.0559569334054468
1293,0.21268485140913854,1.0529658270319093
648,-0.2908707110909454,0.9977663138769214
1677,-0.11840816432133149,1.0435328779417077
1688,0.2180525927999989,1.2418700856402414
1636,0.2940652408271462,1.698498095459705
1463,0.4749155159197861,1.0270879337383811
120,0.08730038143757574,1.2208198216278705
1601,0.07509518477393781,1.4289025686314567
1407,0.1310217403182152,1.5256971173912675
1887,0.7427054692380971,1.099997982845848
87,-0.09264049455546834,0.9939113674852577
1439,-0.2096983312829195,1.008160892602275
1652,0.6161732267752423,1.0236134843224542
255,-0.004505496561753777,0.9000006069296957
178,0.7258455859337671,1.0804526827320122
1279,0.3006029580386697,1.1593010049472423
89,0.5493948414576459,1.0114783306014723
496,0.2547459614997737,1.0049929968151519
1375,0.0661935286386256,1.1972274572560258
1933,-0.07334690274380946,1.0759300724236351
195,0.1230340618775607,1.468775919988318
1112,0.15091639761279996,1.2775006396197952
1102,-0.22039556085744436,1.0771550982750415
1984,-0.0983932278129529,1.3025706531035302
923,-0.2513583932891238,1.0440145969058772
1079,0.15653322738424472,1.10000010052467
1329,-0.24017270844866068,1.0643591119581255
924,-0.25511997770830447,0.999811430129531
562,-0.15050148293896465,1.0629364856796304
442,0.23122358069094665,1.0481326056437845
1221,-0.17358756888182109,1.0242741420426504
202,-0.8582400677237767,0.6802802191870327
1574,0.05591338796642113,1.0632322742478495
654,0.1275168457605588,1.5619916437805994
1196,0.0708795606709198,1.0891084522627728
146,0.5352523821795934,1.0504999849327123
953,-0.1696723659067679,1.0373001112419382
1044,0.1219761185611935,1.5184747931061777
256,-0.057956938109737476,1.0961513553673683
1396,0.14244744990442693,1.3739496520601429
291,0.47807782270639965,1.033588520803344
80,-0.2150180421564112,1.0070555141978406
1629,0.04607749863666931,1.063139754499583
360,-0.4662670029473457,1.2308760362998474
1379,-0.07541982182226205,1.067100803739816
1180,0.12180183113608216,1.4827492332419085
418,0.5269184387520945,1.0568950951921199
1343,-0.004959805102122955,1.0618822779099104
1466,-0.0546752281066741,1.0788992346516326
431,-0.05451959210877635,1.042203432260386
1590,0.14203430392554228,1.3891081718002714
1940,0.13789660743896415,1.055846606290262
520,0.9410579676308054,1.076238297250288
1611,0.13992304530433497,1.685970951652721
1846,0.06239153969448332,1.4083554575885067
1666,0.4803044139252357,1.0350282249169347
969,-0.10286621661258817,1.0547166851881058
1160,-0.021489612934786816,1.0006073929904948
1989,-0.5350124917062722,0.9655739904489231
1147,-0.06782385813802874,1.0566425772830312
1263,0.23745601477333006,0.908860370218855
1930,-0.17285861361282592,1.0081027587082956
1504,-0.3653705411919568,0.9842660608318927
1678,0.13288057022202007,1.4407806467444044
327,-0.0765234710033122,1.089570278437102
1314,-0.07143205491215712,1.0824179546798147
284,0.12177218428642164,1.5045052412141922
1743,0.08422820545327764,1.4498582433148544
818,0.22937557312751075,1.6656651513167666
1868,0.5028999598856201,1.135076682286429
1143,0.5796385949431301,1.0787138984159075
1388,-0.25151895347053316,1.006852424988302
1232,0.4780504878906826,1.046540967019615
1506,-0.07313492491638135,1.0674537936070185
575,0.0931894463177029,1.4726236177048246
942,-0.06735618424876844,1.0635646878108598
675,0.00027543856105393235,1.259116991929545
904,0.45932476998370797,1.0470914198149204
1386,0.2741636759007449,0.9995180682168041
1369,-0.9788122820934447,0.712471015018233
15,0.2748582581074342,1.4671639230171765
1184,0.18140422319166788,1.219603370611456
500,-0.06439258217451935,1.0497306513700826
785,-0.12447706378379719,1.2824239409889227
1001,0.10790042422521447,1.6653368408333404
1770,0.08789556167964824,1.5311905098093341
251,0.3181425309691962,1.075561340855824
1578,0.4282151527875021,1.0437007347015035
170,-0.35703946662136027,0.9880114377837558
248,0.05982590466341153,1.100233710957884
656,0.13102174231497438,1.6019819485971736
890,0.1382987862888652,1.5159493775740225
68,0.2508631106060685,1.0037839203896712
529,0.08518644741934624,1.1598362187285027
1795,0.055861043517313635,1.615891842179793
850,-0.03841612581542869,1.0542851299223737
76,0.22261079568581732,1.0515617932856818
1373,0.15064376325202636,1.138204277476316
186,0.20040890013564502,1.0345090154467869
1172,-0.11441991432387287,1.0101671163005765
393,0.13947034690698795,1.5355740209294264
103,0.49859501264955397,1.024154015267002
355,0.08629216724135172,1.18479515672138
982,-0.1930951020520032,0.9789579932907017
716,0.19762144359759218,1.0615837787374693
1587,-0.17005520120680884,1.0249715557255272
870,-0.37366945255859696,0.9829550504211786
1560,0.2509092205628824,1.0038359991081705
53,0.12267815953229944,1.479518844069521
650,-0.14877886188626216,1.063623298398642
155,0.10311281727782172,1.2029099880925351
963,0.02991719818626252,1.0655872590241453
1163,-0.13785012925002424,0.9904322635468217
566,2.4683560272759997,1.0544296166092013
1492,0.14593783402611468,1.085769255030358
111,-0.05401507869272398,1.1172134279892338
721,-0.2216362441043167,0.9945080159738486
1738,-0.2543549728526168,1.0395908320517038
1469,0.10311261198528605,1.245922955867738
1254,0.6735327904006113,1.0121882710843315
1529,0.3292519959903702,1.0038595563915838
1358,-0.1701716942967878,1.0173435808918807
1499,-0.22629043916000663,1.0773615280920497
1443,0.2684262243267076,1.1485047038930554
93,-0.12150237876009914,1.0447652456685699
1908,0.00472218367753506,1.347710633953363
10,0.10536211152961616,1.523057055989975
1854,0.4389881925829027,1.022584755238393
1771,-0.17571614312839678,1.0198942752375448
1351,-0.06284053964463317,1.1314827339019686
1580,0.018386773913457014,1.1132146369433211
305,0.016394421899088754,1.1638521132045467
770,-0.4072510369356995,0.9719773958416085
1130,0.14386966633550013,1.2290802062455959
1520,-0.15851857353391985,0.9091005325798303
701,0.6622101841978527,1.0336318837265874
321,-0.2930020112599792,0.9435416460896753
1353,-0.21476852106119237,1.007894900794638
1440,-0.054706765394991794,1.0787814994159213
1395,0.13503347701244728,1.429891863979764
1185,0.4670041330334584,1.0292866068082176
1919,-0.6417113847953358,0.9242759370022422
62,0.5766378213406745,1.0433410306165511
665,-0.4045553919548351,0.9724097729205295
1241,0.12194337768702819,1.5174142399182249
446,-0.24303347356411337,1.1183535079120415
1994,0.5118241798127565,0.986614576850175
857,0.06018372187458182,1.4359341827142198
1633,0.11008650536175461,1.7435312126527085
1347,0.2583442368630042,1.0804458338387088
1518,0.10750502839791853,1.3718840729132187
390,-0.12440745678234787,1.2886318178719678
1144,-0.2336246091119556,0.9813529885858943
632,-0.2711836982632657,1.034713943019545
833,0.7409693795415531,1.0597437354136348
1473,0.11384308036169558,1.295816054679021
86,-0.3296526145413966,0.989355432973515
523,0.07221860134357651,1.0999989467469582
1591,0.12246315900981644,1.2105144290579186
1890,0.03229436969251186,1.0469044267921555
152,0.5796388046894458,1.0787110192541012
1921,0.08523599011969508,1.1598504380514696
910,0.6024250012873237,1.0631065076386539
2009,-0.015400151450231412,1.09767534578272
469,0.2711306430702918,1.1214265933537464
245,0.15247451903715753,1.2857246998310432
521,-0.01747215172418719,1.0320293190098455
399,0.02492026079306591,1.1580721927420905
487,-0.5062353018537706,0.9745979528056761
268,0.054599943783315605,1.0843086826389394
658,0.22719980408228985,1.1199816525336688
702,0.6140498112718318,1.068445810502234
970,0.09841021838414771,1.1047476568388732
1618,-0.09264048435790702,0.9939113673336065
577,0.07480719347988776,1.5986521877635163
776,-0.2198307788890754,1.0768555814674088
829,-0.22909252640067676,1.0232264006571616
1091,-0.2665890642015696,0.9640801072084018
1426,0.7668761214001049,1.0518646005529755
1047,0.143870570406066,1.083219171594609
379,-0.5191660139241413,0.9205247218725975
187,-0.22420700380213393,1.060082035874778
1437,0.06402823762060846,1.415102980481272
1010,-0.20027663321970524,1.0220907360029863
261,0.14728842850021126,1.4777466947660716
938,0.06644165881030172,1.3183354099623403
1544,0.16826417928920226,1.08144757750174
2036,0.0,0.9999999994465234
1218,-0.24302740216290808,1.1183578573454067
486,0.6610714533379041,1.012703934027053
107,-0.08731436122364795,1.0533325024255564
102,0.7036973546306673,1.0545371808144974
69,0.03227823843702019,1.0649590249386114
2020,0.30705755785654965,1.1461037475558962
282,-0.06635581670377994,1.1206043797233096
1278,0.15379690133851034,1.0876341991508771
874,-0.0674946291903516,1.1071456307129544
1769,-0.183090922407646,1.0501392172028257
634,0.2585971858024873,1.1832487360577717
1041,0.5201963933603814,1.0210355460093734
1156,0.4985298820947049,1.0324386999920647
741,0.13102173811572665,1.4941063285540788
13,-0.23656351919129615,1.125177847461209
895,-0.09192582918604163,1.4033164030716545
1332,-0.03157702809609751,1.0361164272017385
1415,0.13503347802062957,1.4298918588195497
1053,0.06863622451032853,1.012377565471884
1045,0.12711806684674448,1.4138620263949688
1319,0.2506574078976116,1.003555676851974
1165,-0.1090998481351156,1.0734949681982855
845,-0.17040830249453634,1.0259225602652555
1606,-0.1590685918156759,1.1798698949497932
38,0.36814316871147357,0.9663686897599331
957,0.045057599941212244,1.1683062614364763
1454,0.1603876141231307,1.2633851951123338
188,0.005361200603063868,1.0423501739081107
199,0.09424483048381692,1.0910019334053942
1980,0.25888343503613,1.1103749801289038
697,-0.03973545514393498,1.1363323202279314
763,-0.31658421028016415,0.8781107343891793
1999,-0.12113734321755797,1.0689598544610586
66,0.7502243718852538,1.0786379169081657
2032,0.0,0.9999999994465383
468,0.5765627896590582,1.0008799636767234
1250,0.3119492953659898,1.1094036843907205
1692,0.2585099861405873,1.0824864737477662
2018,-0.0434786104213979,1.0828282058093635
548,-0.23121113238884802,0.970907298670878
477,0.5808174939701436,1.0450169995524747
1680,-0.060016505331503676,1.0286079400425354
1576,0.13279407283258918,1.6960134990639169
388,-0.020619802476412645,1.026850177671496
729,0.1560326761295065,1.2940100807173585
762,0.25803977598139954,0.9926120988975314
402,0.14068126000244058,1.5230689191102678
236,0.4528816766525632,1.0412091326638973
764,-0.05871062938677987,1.063238012716587
564,0.12950863644276236,1.498707674109027
698,-0.004656789975045436,1.3685356729668372
1866,0.6889908651599372,1.4106853432905284
1408,-0.014146589979284979,1.1027562807998308
1376,0.6503518732652409,0.9729708377295404
814,0.449563041946629,1.0257116384417966
1831,-0.21154776592733998,0.9679652969339568
578,-0.4967125218061292,0.953131711206805
451,-0.2257289513017599,1.0087708813603806
1483,-0.4071156979627205,0.9702750667554229
866,0.49360676023914274,1.0112325043241799
115,-0.0036112449467060217,1.1289307338979606
1647,-0.35076465805306467,0.9930693184203777
1548,0.17477650865822472,1.0628086438425233
1519,-0.12414685131808417,1.0404478038179963
351,0.11092130832310844,1.5171843605103732
960,0.06692206130830532,1.1959261445115177
339,-0.8511872800854443,0.7584480012355521
1097,0.1119254036510547,1.1887757992945305
674,-0.1295526134280121,1.0652615669683694
1479,-0.10259942871972395,1.0932539597979853
609,-0.3030337101846648,1.0114983073069839
1850,0.5493948379935013,1.0114783232655165
1072,-0.30587554876364736,0.8881589438334796
1801,-0.3052911967649977,0.9983144852879973
1015,0.5323862045324306,1.0599670446262792
1487,2.0568561642507923,0.3732100472077793
370,0.4588510977758607,1.0495198059719033
206,-0.02810094510346423,1.0755434978071439
595,0.27384438174763837,1.142828310691213
279,-0.30365096743713776,0.9858864522590955
1224,-0.0037254152199516937,1.149119909806283
1597,0.22775620877599106,1.1000002938111055
801,-0.1757354218169833,1.01999006147523
1133,-0.055498767624319746,1.1259499007400213
581,-0.0154001516266077,1.0976753458933026
1420,0.10304695285596185,1.1306197637238218
754,1.9968088282375132,0.3477972386636738
259,-0.22636825167302158,1.0776386119074655
1668,0.14869762953375637,1.051635620184973
129,-0.420534483398621,0.9785853355998736
1809,-0.3709857069219018,0.9822166537322813
1728,0.16057703537903484,1.2096033926893492
684,0.7702406322372323,0.9936239153841874
430,0.4419059505979729,1.0023995467475657
1512,-0.10869920465676795,1.1837444266222903
1857,-0.055099494005280275,1.1171302303526554
853,-0.26033015068761833,0.8898649182892422
207,-0.18098761914996558,0.9893681536462375
1131,0.10489878907128614,1.6465384495396442
47,0.14370969460927158,1.3600914463377782
917,0.2965699996793774,1.1239935674149715
1323,0.13244503446935268,1.323284096053401
216,0.27606406112811344,1.4284623730581867
1058,0.16973770628144091,1.1893967504717247
1883,0.12186991431196453,1.0518768701824779
511,0.11889880744797286,1.436479737587505
1261,-0.013118185491127027,1.0746620169825662
238,0.37847357819961386,1.0329809084918768
209,-0.1543174222732536,1.0272235076019118
959,0.2828587574877664,1.1000001222125164
1283,-0.7309143729692773,0.9053154190322723
1482,-0.19737016293841353,1.0427143733727264
1787,0.07850386259885714,1.4477926079328123
941,-0.16454493369891304,0.9914407292894418
1410,0.4614182866800895,1.0122099962647806
1441,-0.06772612004137424,1.1070676732715166
979,-0.20497961026052852,1.07496182647486
1291,-0.01735949217364667,1.0304536121151395
1240,0.04612075200496604,1.2444816043827724
1129,-0.40166350066260603,0.9754299230875939
343,0.1102380495624689,1.0441354081024115
222,0.13125428876142708,0.7251141000393595
1524,0.34228941236109345,1.1000000449204355
1201,-0.14617251083954277,1.118594144716706
608,0.14113252532280546,1.0513153857164745
158,0.0545999450058384,1.0900155710042194
60,-0.05901860149532334,1.056247978693457
766,-0.1889170044059324,1.0435276544141143
229,0.3176681677013975,1.061436448319468
661,-0.035241127140299706,0.9933068555893693
587,0.15603268350776112,1.2467833596844553
1571,-0.10421428205012477,1.054660943610677
11,-0.07473750332244958,1.143858586803593
540,-0.13309379715290603,1.0645275949839856
978,-0.15682113635838718,1.1237547116615791
483,0.7437628243693275,1.062134651432625
1944,0.3034020808820986,0.987504368180494
1701,0.016622197748839232,1.1637859768496428
277,0.12073765013948975,1.0449722905401735
1895,-0.025840502064436836,1.0967141392793829
398,0.17154429793274964,1.2590316629601401
1819,0.4514680921707464,1.0400292758500667
1302,0.06902080570753663,1.5913627293010542
331,0.2749970757186549,1.4665781453085696
1472,0.8432403712496711,1.0566313258315254
1289,0.19640792187380976,1.00341952745545
627,0.08932431261277826,1.172428622520732
851,0.11104497996079572,1.5172731293545416
1623,0.12036541437182861,1.5218125642854599
769,-0.045654458748260414,1.0369716419347195
1716,0.27374914844111914,1.0899881772084379
1003,-0.38701732349387546,0.9066855540767665
95,0.12244287997795451,1.5132027431623825
1614,0.1221682161382294,1.4647446349075892
1349,0.12405619808765407,1.4936270831897227
1366,0.5736560561680909,1.0450595084283758
1971,-0.05333034246872265,1.1005611683971313
1152,-0.050377972692540435,1.0603067977681468
294,0.0005209416813683447,1.0294934656940427
2024,0.12785600967116567,1.7819798468948351
1213,0.11570860640570067,1.0916066927202084
965,-0.1135744644641335,1.0718292139447652
1269,0.09793803963954185,1.5320521347448093
153,-0.3434588302764412,0.9632951958816077
1471,-0.20751482481178413,1.032766503197926
464,0.13311411916159155,1.5437250698228098
1683,0.13102173844083626,1.4941063250518476
1859,0.11365604369612158,1.3722535674102079
557,-0.1758080840997354,1.0427969553127958
967,-0.05595140000617021,1.0719905247200798
299,-0.14731231235806186,1.0862671727904303
159,-0.05451959276645034,1.05356976976378
1948,0.15923479366982038,0.9431733396400868
844,0.1350334654446971,1.3762710212546838
1101,-0.32275032805304377,0.9875046203889075
536,-0.11964814949793508,0.9376213148517338
1150,-0.10498241684366046,1.054621753852344
1834,-0.09557334528356876,1.0480659564423676
931,0.27113063391855424,1.1494626191085764
842,0.6627939712788365,0.9837744182895031
223,-0.24301778990211942,1.0700715785354982
1488,-0.32504325882881796,1.0201718505111592
1219,-0.05953560528177126,1.0559513543930938
531,0.09677301546254563,1.3636562946560828
817,-0.110709871884365,1.0454146296097355
1087,-0.11512942956367425,0.9270844064294724
26,0.11020270382532527,1.7412801258396307
952,0.006686619993866484,1.1017760268721324
1996,-0.2756750129084219,0.9636853221289063
989,0.13279407219682735,1.6960135357496853
1139,-0.02269218480083372,1.061347563487607
230,-0.256329320003904,1.0777644060355942
1191,0.45585364619045077,1.0446355152174784
1725,-0.31667392657430254,0.896774218682599
394,0.05987018299155994,1.2590937220590845
258,0.5761894912163503,1.0473062843875354
328,0.11295533516170088,1.6444249291710988
1029,-0.10641191501296951,1.0557239116984412
666,0.13583045855397402,1.3197238540937841
149,-0.07046740555453657,1.0812028596763454
773,-0.6211787950866641,0.9620955790785138
1645,0.10589998408101298,1.0568004133595175
1620,-0.23188158359372507,0.939522806770935
1579,0.13838034717695552,1.3594487857676874
122,0.11180400753527935,1.3696786011310826
302,0.12291964018279526,1.0839677684211617
1926,-0.03240025041637686,1.0793455653452646
175,0.1370750632942582,1.5190190058753297
1772,0.7435049371319643,1.0764784619248797
1413,0.1329786833507094,1.4399625344180451
1328,-0.07563568854297466,1.036161684032558
143,-0.14934362897032052,1.0471763422259668
1252,-0.44478441670310664,0.9183332730351121
1086,0.5493948540668044,1.0134170806926177
1740,0.10109961156542766,1.4467609800325292
501,0.401618381892707,0.9864874358021171
1995,0.10320155810756011,1.0427456767369625
1762,0.1440120604795847,1.0709113569482622
825,0.12889682106566125,1.5157097914828819
1190,0.10925752235731487,1.408482454130549
1421,0.1582583225528302,1.3412227003941963
318,0.23125665835584452,0.9997017848049028
292,-0.04926908447259785,1.0166027492364458
1848,-0.32440272811090975,1.0073423494297842
20,0.11341512933827709,1.5216394889114995
1193,-0.19186573307833074,1.0680409775097954
708,0.30863093686285253,1.0823523425059036
533,0.03857361468174339,1.4110727163689931
837,0.2509092197287503,1.003836001520851
749,0.1756040955070711,1.0521567364673834
1705,0.12255376916544984,1.475571905021207
1098,0.1080615451568956,1.3667320178029347
1733,0.5079046011610151,1.028945663404226
1480,-0.22399825168695117,1.239214714689357
622,0.3820513201209884,1.1499024446719766
1711,-0.22452344044488262,1.0775098714703972
1788,0.10641917349042071,1.4770886327636634
123,0.113843080597968,1.334713320224257
616,0.5257760328922986,1.0665073086305104
1867,0.5118333398251652,0.8844425630532196
1849,0.22937557990920548,1.6887533632266247
300,0.1493945977018023,0.7428621905431316
1000,0.07712589068735783,1.505523237393296
1875,0.062174948877697096,1.4113477092681819
1794,0.0960839977364817,1.5125992881680412
1018,0.09434142327506048,1.4456033470805674
1024,0.1715183321212553,1.067091600344552
1216,0.34774447526411745,1.0856331538311952
1992,0.05404579530297833,1.3865590575140687
601,-0.0379212797887994,1.0712182888730009
1896,-0.18195286096400484,1.0115482975018526
1687,0.13997460482182814,1.3401240542880966
1751,-0.10009989363043494,1.0312726020131857
1217,0.6589185387897186,1.0326619451519607
1494,0.6054140909463978,1.0202372575944874
1913,0.5225488628368785,1.0263945920437851
1170,0.13102173807932452,1.4941063332019129
1511,0.6775708450413925,0.9980191961763608
1741,0.0005209353994168259,1.0294935350471062
423,-0.4019871573073326,0.9755117344394714
317,0.6308956717043387,1.0122958666859683
1274,-0.2865614583931998,0.9490779325072518
863,0.1382265826400199,1.5130807936620196
1462,-0.1954424115434561,1.0950075466783902
316,0.5765627899839644,1.0008799644595454
617,-0.3844660675688439,0.9937972185367712
463,0.18350365056752213,1.0562014621778615
1294,0.053059761111221036,1.0908006078950574
1458,0.051720811824286464,1.0449437618277158
263,-0.14967247743329903,1.1235082821080935
1603,-0.05088621389547822,1.0535300123928335
2021,0.12727834844241712,1.5861991156147168
295,-0.05641375047474012,1.1134326049692238
1038,-0.042990880224582306,1.0682393667657593
181,0.041804448129566574,1.0569697447402113
802,-0.022864119366732737,1.0947363445094755
368,0.23695768082889382,1.0935455153835105
1987,0.7244348757309804,1.0128644254375831
1016,0.055045794267071374,1.3954671228712108
913,-0.7481359836072758,1.0733301195072227
386,0.42866208013889195,1.0438203893746547
85,-0.05886257400573134,1.0567529503946544
1782,0.1150912993766048,1.5312804581251525
568,-0.15049888425298003,1.1028376107616498
1644,0.13391870473491377,1.2554340831916535
309,-0.3830246480766769,0.9928719674824172
30,0.06582809686217092,0.9927528240765845
569,0.1304508506304472,1.047444067420335
1422,-0.3908774527676795,0.9552248417933084
1438,1.0281613615970053,0.931535683236465
1060,0.04311671607113712,1.0878356729745946
2002,0.02185021498177118,1.1970203625479179
1845,-0.032758537242135774,1.0410783310866354
1391,-0.10717922998430134,1.0743726192289547
642,0.11384307981542467,1.401448992349331
828,-0.07143144485622856,1.1457389057664795
589,0.24000948007302708,1.046435981664438
1137,0.7234722221969074,1.118906614779661
1617,0.31404021292036294,1.3096207465780971
1286,0.289092031517709,1.1259487545824034
75,0.5856755756474346,1.0242289315756714
930,-0.050955997555873045,1.123111773698295
1936,-0.07469109775719825,1.111589752576245
1270,0.12277997052430115,1.2074694720602241
1207,-0.10483506419042386,1.0168930468385955
669,1.057161258243279,0.9615668639206777
460,-0.08696538838290191,1.0345722686486294
1642,-0.6013480334724697,0.8181739181228761
2000,0.0029506011410219807,1.0770434753766347
1626,-0.06063100978183583,1.108070846217673
1595,-0.16261049982520742,1.031604227703724
537,-0.026106816338938483,1.0253438134673816
1500,0.04402799905682229,1.3886535995354266
1550,-0.17285398162861915,1.0247140650964701
1268,0.23971785836290407,1.033403607837542
858,0.10982847498714932,1.0718151144429775
1873,-0.5829378537987522,0.8514883300046427
840,-0.01179100942484431,1.0224884851639737
1651,0.1381901736389277,1.4265347568649676
1596,0.13770881954871764,1.0358702697651374
208,0.2293755731502806,1.6646284026817237
1790,-0.05068423921301533,1.0597116309902248
855,0.3322350200178206,0.9860816849956517
224,-0.054481552160611894,1.0877732494634296
688,0.459402470120563,1.066244877893793
1961,-0.0735456995042511,1.1242165325949915
711,1.8336537107083202,0.36851240188446305
1442,0.05295587438797476,0.9738851536112731
797,-0.0708833896057026,1.0687944026364224
1258,-0.056883232906572725,1.1301155428645808
1257,-0.008831796591485357,1.0483476181885076
1911,0.6891462508986316,1.0650561474544697
867,0.1337721275939326,1.3236144726459098
2016,-0.02610681604217081,1.0253438134489288
1903,-0.12357794205685266,1.0480905540070045
1858,0.016779599059781474,1.16376255842801
1337,0.117348256408751,1.330372822412937
1575,0.08932154546838689,1.475306923713579
738,-0.3471635537801002,0.9241089575230296
879,-0.06912687372531953,1.1157074497075354
1099,-0.0012861181398840641,1.0583647991144731
699,0.11430095241314799,1.0792926480972063
1829,-0.0647011311098206,1.0128611057261838
687,-0.16066561215526834,1.0382259498519797
1860,-0.2238092994030553,1.078255178094245
830,0.16844714075813488,1.064424918195857
225,-0.00739481189585037,1.0623217370039242
1586,0.02754207324498682,1.3614386874419953
1732,0.11741655750675847,1.0228732767923552
1840,-0.04666936007366598,1.1327229902878415
1036,0.09448977587224879,1.2055655407855697
1192,-0.06639743705526677,1.1210934177894454
1526,0.11495977672423757,1.4999846230131502
1401,-0.20648693455236503,1.0341065821407576
161,0.11964133133668026,1.5169575786168772
692,0.2003726560961542,1.1298209450911185
712,0.000563456436358924,1.0602216305911185
1327,-0.09865676544290748,1.0440358879888205
1925,0.157087840150402,1.037272205153856
1430,-0.27145298060854817,0.9617707789970948
1833,-0.035241126564257964,1.0384571663236313
142,0.013186117190023506,1.069823268192018
1465,-0.06611179069466423,1.10698794760312
637,0.34952349773621644,1.0358146237897232
995,-0.017472151965882133,1.074717821080377
1599,0.814064985812051,1.070221185197918
1359,0.12013014703009353,1.5223388748937026
968,-0.033375709592621206,1.0944043093213232
432,0.8450535371252658,1.084293822440896
1972,0.2497510478185023,0.9953269642531714
113,-0.035622185075711424,1.0143517027376088
492,0.2312547668733402,1.0481703927724213
445,0.8365760593398477,1.3813893882124173
322,-0.04369044533713285,1.0298222083342612
1988,-0.04267657050348698,1.0222475545493281
269,-0.21114576503511587,1.0511326646003885
1380,0.026336308668084087,1.320184342667731
588,-0.23442469950210165,0.9879082006064129
555,-0.055662280354107446,1.041190392892817
1281,0.5760181044748217,1.0470205942034223
892,-0.07196116841474312,1.0931579652836607
1111,-0.32277111631278094,0.9875632776204799
794,0.19032665814649566,1.3768286122124913
663,0.13102173800810282,1.494106338806289
1315,0.14040920976315252,1.051681324530698
1326,-0.0930753430267231,1.0559517118945883
873,-0.14583471706094125,1.0319686813792757
628,0.016178986328442103,1.1491303161155362
171,0.11765531306045018,1.4760510959671742
1764,0.12037699461315554,1.4340680505419356
653,0.04202274657978026,1.063549857785637
1154,-0.014129531541015308,1.0835569569626289
345,-0.06837070938587164,1.0143409043508131
646,1.0263864493510533,0.9286259584531794
1904,0.12150487665938894,1.4995353592155498
1505,0.09854482265286392,1.6133133744924941
319,0.6365080840490125,0.9897353561791546
502,-0.10877125130982959,1.0371331963932309
758,0.06110181082815802,1.0522467155001014
478,0.532386164724061,1.0138816542850049
312,0.16211938683837093,1.039449797312455
1551,0.12152013058339309,1.7165371387625428
748,-0.21121475354969582,1.0076168634660783
567,-0.11413462139626426,1.048347096571279
1055,0.018984656848441587,1.3936180765467114
831,-0.025910972448532403,1.0631921544844547
67,0.04975446663829484,1.1900430051889141
621,0.05898330512009923,1.4211822530656664
344,0.13466723690862634,1.4428886883402634
1739,0.11296278504565384,1.4775885883276907
1414,-0.44463840108419295,0.9786933574426655
1638,-0.031536431066564244,1.036202229072199
535,0.12204106793479062,1.5573131390078783
1456,-0.7340703472568572,0.9653910373641463
1523,-0.07954846666646272,1.1135696765606333
452,0.4608658024526382,1.0155834253664002
639,-0.04552562042415608,1.001794830973286
109,-0.31702458077503765,0.9976709906224475
320,-0.31300867093623447,1.066106705991908
1119,0.10291024649097044,0.9741243137175575
217,-0.9681973993617022,0.7182727702620026
1187,-0.26988331285981776,1.064895865308891
1789,0.12300264868143478,1.4996188269209174
1063,0.1599412099290379,0.9229869921182298
821,0.12854121489484013,1.4139629128689901
2023,0.12037217958766457,1.731393229039338
1698,0.11527186919955708,1.5202227612842714
1341,-0.38673523468152077,0.9899049331941174
1726,-0.15766653119979862,1.12264692258311
1960,0.23122525534834001,0.9996661571866421
1891,0.13938391146951898,1.4481780222131904
933,0.04711062676422088,1.0999999592987686
2040,0.0,0.999999999399112
760,0.09964316829770375,1.0368151388829434
1478,0.16338905673619733,0.9100738393222524
1300,0.04077228170523768,1.3831745393901855
1621,-0.0815989272590047,1.1440096606449692
789,0.1310217379277044,1.4941063304863476
1600,0.12210634288897491,1.51792705470465
1640,-0.04597740737541757,1.1544349332702601
820,0.8976015796910052,0.9430104585355537
1517,0.5683526793270183,1.0647779297090716
1853,0.1470017124812171,1.2315774452580053
765,-0.4051637399909272,0.9725078322513019
1689,0.4731560162252367,1.135731551757099
1385,1.5010431331478997,1.045475303931688
1564,-0.38469719731958274,0.9938097457132531
1209,1.024309850554301,0.9265941877500551
662,-0.04563339177496638,1.0369901864648592
1484,-0.09421346505462333,1.0379857697384545
659,0.05474251673558215,1.0402800077018788
1956,0.20279838425723315,1.0285494882315582
358,0.1256816534552994,1.5043613175773216
1061,0.6125886609105053,1.0226291497973305
783,0.10101545843168575,1.1681850700403518
541,0.2645681266285104,0.9949897892275319
1643,-0.7516171400269508,0.890945062996579
862,0.7408956212781255,1.0167843253326725
1673,0.11392980390727907,1.5178233619605668
234,0.0684757708164269,1.290492589186926
1878,-0.03244194258488318,1.0459064195508505
1365,0.43772599290904113,0.9653709296692594
205,-0.01548962786529663,1.0920357793232662
1304,0.45561468994750104,1.0130908717690423
1747,0.18084133633385474,1.1798069181527027
816,1.0444016258517246,1.3624720076934305
927,0.0936663069452622,1.521577667791717
298,0.1727993500398181,1.0670428455583667
164,-0.12699305685522702,1.067481913544801
1378,0.4575347025295198,1.032976476227971
380,-0.06199520505497019,1.0027272881060212
1203,0.057177989670910055,1.184463929664724
126,0.18140421322271535,1.2196034630605521
226,0.11226453173748172,1.405515897814853
1230,-0.06335046965582063,1.0361636024419243
553,0.12405619842201708,1.4936270934736549
985,0.13205792372641464,1.6736220828105786
2008,0.0005634568788632368,1.0602216306007903
951,0.26249044993245263,1.1447777413087776
1030,-0.22111245072007707,1.004276673520531
644,-0.386315772869876,0.902947604829088
1776,0.150551919194507,1.425300395220355
689,-0.5835645976515893,0.8822564357248218
1173,-0.002959048055340963,1.0634481698258098
1161,0.12781944325572234,0.752377064323599
1182,-0.07992449525967857,1.1078253769809245
1096,0.0752609635970886,1.4253903025666461
1521,0.10852925827578297,1.5006582460543523
512,-0.1155192298832104,0.9291036320134058
1371,0.3434732971718477,1.074910095143816
493,0.10578950280252977,1.399446184579997
471,0.4139414363747255,1.0780298272908377
1390,0.10633793888507313,1.2321803128626032
361,-0.07058755236094923,1.0300400232516407
1874,0.2694379880055083,1.1604334518203696
1884,0.16543442096912886,1.1087856469427955
1397,0.1835036506114142,1.0562859482155722
1140,0.19401739414200098,1.0050045363891906
397,-0.1645449323541444,1.0365062206481541
1503,0.06862539894209181,1.4524174964282297
808,0.30057106123366023,1.168575244372264
1026,0.2509092206801348,1.003835999103934
1452,0.08162560128831671,1.4694352576672962
4,-0.40388297375430987,0.9810158775783188
1955,0.1103668988540009,1.5310005573972472
1357,0.9484972685851787,1.0925983964601487
1646,0.11328405833433068,1.381173710576704
221,-0.05713100574117526,1.1280797023955922
750,0.07708767053885293,1.4706994802092626
210,0.04180469528117013,1.0999999618059253
1491,-0.15653660071242376,1.1236214415161971
690,-0.42475229388045627,0.9696902654569128
134,0.22124057488116292,1.670690272656678
329,0.6496536131410461,0.9958967075840625
240,0.21852579561874844,0.7423470292080881
1537,0.19499960692156534,1.2536199046510272
1400,-0.04444982126063081,1.1293779095091947
2026,0.562761017026358,1.0599516253691725
373,-0.02697328404310498,1.0999995957033097
133,0.4699942835226797,1.0400312278694395
574,-0.08831535179456752,1.3995271702058842
246,-0.38830841781305164,0.9881728434993757
466,0.08559090617026133,1.1489192757431559
753,0.16045599933507698,1.0450277628933624
560,0.5796386813716482,1.0787111897215171
679,0.2776385895157127,1.001403247138001
375,0.1223581778460507,1.5133764625493846
1637,-0.24125647043607798,1.127105863280899
1714,0.11610569505824435,1.5880588391553256
307,0.00048227504594028337,1.0510540719898935
1773,0.10700834651905121,1.3734499760024557
880,1.02432065394499,0.9174378454141707
565,0.10367915338124022,1.0431951509691841
1706,0.16996066799954684,1.2989626562686043
411,-0.22421577751984226,1.0602138848439338
538,0.12405619817667218,1.4936270861899297
1392,0.12081788942142001,1.4496029947297038
1826,-0.010708193360730554,0.8374056789546097
1275,-0.172858618010461,1.0247364794648233
1457,-0.03420755244810715,1.2457707156669282
132,-0.24329105880529395,1.1293344189730266
1694,-0.36580152468741073,0.9854258133647413
470,0.1227097772063115,1.479420633544824
1481,0.1482280726667897,1.2647209875216592
1040,-0.16537901832704618,1.0399355107261088
1893,0.20279838780448048,1.0285496030975845
800,0.14083717332314954,1.5335630603354844
618,0.07466271507286386,1.1652108617058015
1709,-0.024982715048962614,1.0371163594078132
733,-0.32950003730571314,0.9940656478223436
119,0.11122786644966293,1.5152544652921693
839,0.2293755731279495,1.6656256715357898
42,0.1776882868223659,1.2798472644194065
28,0.09167353393356739,1.2511611681668826
781,0.47421383406571155,1.030223921113556
381,0.15194087999690167,1.2217096926376334
439,-0.04724574976727771,1.0660167885689944
347,0.5308566825944205,1.0581206107507963
1670,0.08935074769460451,1.5161303633679233
897,0.07878910950741193,1.1703992813557706
290,-0.04563847809906668,1.036988149731272
409,0.19957810765451223,1.0260224670269409
1730,0.0864672003265543,1.184555256999773
314,-0.04603404883739465,1.026393829637148
1622,-0.08927569925606109,1.0822790296988611
1507,0.5631390853019883,1.0569388472841823
163,-0.08307268212002264,0.9462873092192464
1697,0.11350011235245942,1.5846177999579434
481,0.1277400745476641,1.5028263492399065
281,0.18998826059851873,1.354092947268832
847,0.03348497352893691,1.0616070979441008
730,-0.1469044137844023,1.1272208222577937
2027,0.47808806415554916,1.0495817587683125
25,0.25417178566281196,1.099247547784368
114,-0.096543557445967,1.3313322268738945
1338,0.12289166884773622,1.468577544506724
1816,-0.022951996896514663,1.0320635136692151
1461,0.576562819305106,1.0463199949152953
681,0.6044407784627706,1.0214432236942923
31,0.08895210833555137,1.1478817680632092
274,0.010192186580772764,1.0717014942873195
865,0.6197000163884976,1.023367229800881
888,0.06713449120101674,1.3978224540732604
484,0.06975853524536907,1.0559887867288709
986,0.2547459605498726,1.0049929989271937
956,0.12400942777956205,1.4713126031554467
1009,0.38519531350539093,0.9607549646073286
412,0.6116426985124073,1.40227147151967
1287,0.2616327578654107,1.1159420301290788
479,0.20895029449085367,1.0341912519374035
352,0.04528426437496917,1.3900878083749328
150,-0.17041017375748457,1.0259670615572232
1691,0.036462728868127264,1.0656615166153012
1436,0.7621992218236425,1.0816881849815694
1975,-0.09060926520238041,1.0673451601397281
983,0.1641243865867439,1.214484117298499
1455,-0.2176400633222423,1.0768053015888401
756,-0.05633117200031593,1.116832866143311
330,-0.022032282673605054,1.0949507696187892
1352,0.10020932000147265,1.1786633804932065
1624,-0.029387494542690098,1.0859560949073488
864,-0.1055637287116789,1.0391174821383953
1510,-0.052062871403208325,1.117165688731975
1025,0.20826844751557622,1.1268932381074979
310,0.11782887799371052,1.1869803013503728
1292,0.06955486285026188,1.0654205437114854
677,-0.25015086509487344,1.00078563026113
946,0.10200036939787083,1.5113996630981996
1324,0.05258784931336539,1.442537664398579
725,-0.04044214954787503,1.103181431612194
377,0.04855195813030733,1.1257377641342619
2019,-0.03973545506350595,1.1363323205576796
1448,0.30711968389294403,1.0488515220883747
907,0.11811303591171628,1.5186866725955106
585,-0.5116700896384025,0.8535821331566121
124,-0.07660371211540842,1.1323921499850735
1818,-0.040653047228218435,1.1211380148144383
1197,0.45897692141329366,1.0496832563718157
1330,-0.2321217346386816,1.0202413723188266
1978,0.12287943847447841,1.468552646759073
1572,-0.18391643273819402,1.051163546930707
1042,-0.2002397222264284,1.0401201572882421
70,0.05526655013661012,1.4014914038278716
939,1.057807975719671,1.052193071331153
2041,0.12249698298373717,1.5300575138092543
1116,-0.2195878371922024,0.9848514039007933
1889,0.5798897213399471,0.9872734472457985
1215,-0.1849308177209507,1.024193523845653
903,0.1604468917451633,1.2076743915416948
1869,0.11885176465714029,1.530687913393592
1234,0.12275554330143713,1.4642879802731243
198,-0.21366495830976673,1.0306175582603838
338,0.05642534600392982,1.1360882940849957
1856,0.1423386370478875,1.1127313716248528
1123,-1.6851145394195942e-7,0.9398587263214685
1737,-0.4155748941466656,0.9767596246147981
1927,0.14041738838027185,1.4365292667699794
1006,0.05280210312672302,1.024757420181381
348,0.12147133690274758,1.013895424496103
1335,0.10479140128567373,1.4808278324561808
1929,-0.0049598062080407086,1.0157134832907868
144,0.16388908634107802,1.113540111770366
649,0.11510521142604961,1.5188316084634659
1008,-0.08055010996981973,1.0647207721432272
271,-0.15714342305172707,1.1231399106032678
2004,-0.01540015154837882,1.0976753458637416
1416,-0.28640292558416375,1.056613058834462
2028,1.0572954021654388,0.9605543431332951
434,-0.06405998340316443,1.087858446819871
604,0.10699769792894145,1.4521601870111613
1627,-0.20707135420000872,1.038718203040121
1107,0.16794245032031455,1.2665639209740678
998,-0.054420462375223966,1.0966423943866455
563,0.002950600724957802,1.0770434751208537
655,-0.05856355383639477,1.0983934746264907
1777,-0.5952299086715674,0.8202521083171312
1805,-0.3990773035565149,0.982020934389934
732,0.12043803773230591,1.5225976247201034
336,0.10959572296690241,1.0783316494272892
603,0.1138430815249623,1.3347133279963652
414,-0.12960130604293094,1.0426543157976234
710,0.17154429595008283,1.2590317809384162
1138,-0.02252318641888043,1.094752381286162
1474,0.048237942371904936,1.4508744872780013
1766,-0.06199520504195057,1.0027273178742424
