bus_names,x,y
bus_4150,-2282,-1835
bus_4271,-2313,-3113
bus_1000,-238,-725
bus_1530,952,-714
bus_5143,1008,-5612
bus_4266,-2234,-3018
bus_4295,-1997,-2284
bus_1611,2223,2165
bus_1501,73,-156
bus_4446,-2382,-3109
bus_3213,-1492,2904
bus_3496,-944,3422
bus_3400,-1828,2098
bus_1234,33,394
starbus_xf_4160_4097_4401_1,-3689,-1737
bus_2349,-382,-3237
bus_4323,-1926,-2226
bus_4279,-2083,-2441
bus_3327,-1344,2103
bus_4265,-2167,-3907
bus_1304,-1185,2158
bus_1617,2829,2850
bus_4467,-1686,-3006
bus_3124,-1374,2374
bus_1023,1660,-1072
bus_4168,-3294,-1435
bus_2293,779,-2299
bus_1211,698,-2614
bus_2224,1013,-4025
bus_1022,1461,-880
bus_1167,844,-2351
bus_1573,2193,2397
bus_4210,-1444,-1776
bus_4248,-2385,-2413
bus_4329,-1670,-2053
starbus_xf_4038_4035_4036_2,-2644,-2675
bus_2256,907,-2953
bus_5105,621,-6579
bus_2179,280,-3311
bus_2350,216,-3308
bus_1260,359,712
bus_2281,170,-3726
bus_3304,138,3156
bus_5170,1031,-5503
bus_3453,-1945,6842
bus_1040,1374,-1592
bus_2207,729,-3348
bus_3615,621,3932
starbus_xf_1430_1502_1542_1,243,911
bus_1117,764,27
bus_1380,808,1383
bus_1034,1244,1161
bus_4306,-1608,-3338
bus_4464,-1626,-3336
starbus_xf_3486_3561_3489_3,-1211,6608
bus_4033,-2699,-2747
bus_1602,1770,1218
bus_1057,651,-2373
bus_1330,1322,-444
bus_3655,411,2945
bus_1016,2806,2270
bus_5021,1400,-6283
bus_1179,398,-61
bus_1371,683,-534
bus_4451,-2149,-2453
bus_5062,1689,-5561
bus_1561,686,-2685
bus_2020,762,-1940
bus_2277,1059,-3919
bus_4132,-2547,-2226
bus_4379,-2084,-4020
bus_4438,-2191,-3149
bus_3625,-1315,2864
bus_5175,1142,-6389
bus_5221,1131,-5961
bus_4053,-1976,-2688
bus_5139,1012,-5664
starbus_xf_3266_3154_3155_1,544,4081
bus_1610,1095,-676
bus_3340,-843,2502
starbus_xf_3359_3360_3361_3,-1519,3506
bus_1013,352,-1214
bus_1625,329,-115
bus_1658,2806,2717
bus_3066,-890,5735
bus_3139,552,4200
starbus_xf_3486_3561_3488_2,-1211,6608
bus_3583,-943,2658
bus_5235,437,-6122
starbus_xf_3333_3336_3335_3,-26,3018
bus_1521,-163,-667
bus_1264,470,465
bus_3094,-1895,6824
bus_1018,1011,651
bus_4138,-955,-2336
bus_4402,-3245,-1797
bus_5063,1434,-5510
bus_2029,780,-1912
bus_3529,-1282,6854
bus_2290,810,-3479
bus_4209,-1518,-1647
bus_5187,1632,-5585
bus_5087,1139,-6349
bus_5020,1454,-6257
bus_4170,-3108,-1515
bus_1204,2049,-1463
bus_3572,-602,2881
bus_5188,1749,-5589
bus_1409,-38,-133
bus_4189,-2270,-1492
bus_1283,872,1361
bus_5101,715,-6409
bus_1020,911,407
bus_4485,-2511,-2370
bus_1088,1869,1222
bus_1594,2721,2689
bus_3057,-1079,2961
bus_4400,-3762,-1734
bus_4473,-1505,-3127
bus_2233,609,-4180
bus_4486,-1784,-2804
bus_4414,-2087,-2646
starbus_xf_4031_4028_4027_2,-2169,-2688
bus_1570,691,-287
bus_3567,-813,3546
bus_4363,-2757,-1977
bus_4326,-2067,-3191
bus_2236,324,-3947
bus_1556,507,-416
bus_1002,752,809
bus_3642,-990,6975
bus_1086,-670,558
starbus_xf_5090_5200_5201_5,898,-6262
bus_4357,-2980,-1919
bus_3000,-172,5490
bus_5099,1379,-6154
bus_5176,1127,-6405
bus_2333,800,-2378
bus_3543,-685,3675
bus_2113,805,-3646
bus_5060,1696,-5591
bus_3187,-1347,4373
bus_3519,-885,3246
bus_3032,-1667,5002
bus_4052,-1991,-2671
bus_5159,614,-6127
bus_3356,-226,3209
bus_4390,-1258,-2001
bus_1310,431,-841
bus_3459,-912,6796
starbus_xf_4254_4377_4432_1,-2249,-3731
bus_4083,-908,-3252
bus_3228,-1112,3466
bus_5100,1251,-6125
bus_2065,1372,-4478
bus_4267,-2182,-3328
bus_5083,1281,-6304
bus_3494,-496,5364
bus_1123,554,-7
bus_3184,-1482,4608
bus_4249,-2040,-3485
bus_3064,-1253,5859
bus_3446,-503,2553
bus_1509,93,860
bus_3569,-704,5136
bus_3456,-1938,6945
bus_2216,91,-3833
bus_3163,-544,2719
bus_1183,820,1294
bus_1189,732,-450
bus_4472,-1519,-3336
bus_3217,116,5044
bus_4043,-2428,-1596
bus_3099,-923,2943
bus_4142,-1751,-2289
bus_4165,-3288,-1647
bus_4101,-707,-2550
bus_5189,1759,-5548
bus_1565,1522,-1083
bus_1635,628,70
bus_1256,1914,1815
bus_1651,-1124,2030
bus_3257,-1591,2968
bus_4027,-2243,-2743
bus_3312,-877,4131
bus_3640,-570,4803
bus_1354,-379,380
bus_3167,-673,5521
bus_1553,1168,-486
bus_1653,3,451
bus_1397,927,1615
bus_2335,950,-4005
bus_3238,-487,4295
bus_3241,-826,5825
bus_4311,-1657,-2805
bus_1226,1876,1777
bus_1571,592,-338
bus_3310,-1011,7028
bus_3150,10,5394
bus_4374,-2669,-784
bus_3230,-639,3166
bus_3335,52,3029
bus_4386,-1471,-1726
bus_4261,-1550,-3288
bus_1164,1958,2291
bus_3128,-1275,6726
starbus_xf_1092_1093_1525_1,703,257
bus_4358,-2996,-1862
bus_3486,-1211,6608
bus_1059,2213,-1829
bus_1172,1175,-2112
bus_2241,1104,-4052
bus_3091,-1678,7426
starbus_xf_1428_1501_1540_2,156,-160
bus_3180,-1556,7407
bus_4401,-3745,-1757
bus_3288,1330,4476
bus_2342,-281,-3625
bus_2250,460,-3926
bus_3292,-1362,6928
bus_1207,1327,1555
bus_3176,-1094,5419
bus_1656,-607,496
bus_1436,-674,-304
bus_3101,-1438,4311
bus_4215,-1229,-2017
bus_4394,-882,-2787
bus_3448,-1867,7466
bus_2136,900,-4034
bus_3090,-1797,7360
bus_2096,144,-4164
bus_5209,677,-6458
bus_4490,-2624,-2161
bus_4195,-2613,-1157
bus_2078,-482,-3533
bus_5201,850,-6309
bus_5125,1608,-5594
bus_2186,933,-3922
bus_5225,944,-6257
bus_3153,-1020,5304
bus_3024,120,3768
bus_1595,2865,2748
bus_1066,679,322
bus_1254,673,-588
bus_2199,1007,-3430
bus_1393,580,-475
bus_4049,-2992,-1827
bus_1623,1924,1854
bus_3197,-1105,5940
bus_4338,-1897,-2008
bus_4221,-921,-2976
bus_4302,-1637,-3056
bus_4171,-2650,-1357
bus_3005,-1475,6850
bus_1058,1202,-890
bus_1539,71,-177
bus_4404,-3241,-1776
bus_5019,1528,-6369
bus_1446,870,910
bus_4077,-926,-2803
bus_4114,-2627,-1902
bus_5119,1073,-5646
bus_3307,-1599,2101
bus_4182,-3298,-1459
bus_4227,-2622,-1418
bus_4192,-2129,-1569
bus_3196,-1067,5850
starbus_xf_3492_3565_3494_2,-453,5410
bus_1111,228,214
bus_4226,-2009,-3012
bus_1498,-1114,1955
bus_5212,593,-6670
bus_3264,-1446,4647
bus_3634,-1330,4261
bus_2210,430,-4263
bus_1588,1210,-2379
bus_1596,2982,2814
bus_1294,2122,-1315
bus_1483,927,178
bus_4117,-2144,-1797
bus_4348,-4001,-1850
bus_1364,985,1738
bus_1222,559,-2881
bus_4066,-2002,-3402
bus_1432,403,-107
bus_1161,821,-196
bus_3169,-1204,5918
bus_5173,301,-5861
bus_2038,1263,-4302
bus_1051,776,532
bus_5111,1123,-6149
bus_1004,687,561
bus_3367,-1314,2549
bus_3003,-1473,6366
bus_1203,786,1440
bus_3573,-314,4388
bus_5001,937,-4778
starbus_xf_4220_4074_4498_3,-898,-2745
bus_2068,1328,-4651
bus_3007,-1409,2892
bus_3107,-1049,5444
bus_2104,449,-4098
bus_1208,2398,-1573
bus_5014,558,-5358
bus_1318,671,-2297
bus_3425,-271,3717
bus_3593,-613,3347
bus_1322,1778,1737
bus_3372,-1609,3477
bus_1374,467,-265
bus_2121,924,-3962
bus_2205,-357,-3142
bus_4072,-993,-2257
bus_2013,1038,-2962
bus_3245,-1281,6365
bus_4185,-2132,-986
bus_5026,1317,-6224
bus_5034,929,-5929
bus_1076,1462,-1510
bus_5038,1082,-5891
bus_3328,-1388,2149
bus_3472,-489,2977
bus_3001,-918,5722
bus_3361,-1600,3528
bus_4375,-2759,-629
starbus_xf_5090_5200_5201_6,898,-6262
bus_3010,-1345,4055
bus_1626,355,-490
bus_2299,401,-3462
bus_2093,966,-3987
bus_1273,2120,2328
starbus_xf_4160_4097_4400_2,-3689,-1737
bus_1005,662,546
bus_4493,-3398,-1834
bus_4232,-2474,-3181
bus_1450,2287,-1477
bus_2168,854,-3647
bus_2175,-166,-3350
bus_2285,927,-3645
bus_3127,1094,4307
bus_3589,-744,2835
starbus_xf_1121_1123_1634_6,715,112
bus_3223,-1320,7005
bus_1103,1446,-1310
bus_1482,860,-1643
bus_3194,-1502,6107
bus_5174,1161,-6383
bus_5071,889,-5317
bus_1181,1020,-850
bus_3131,-1005,3251
bus_3206,-1033,3534
bus_4436,-2029,-4085
bus_4334,-1759,-2530
bus_1619,2832,2870
bus_1344,1490,-430
starbus_xf_1106_1167_1537_4,963,-2129
bus_1102,1404,-1052
starbus_xf_4186_4230_4494_1,-2151,-876
bus_4149,-1481,-2118
bus_2188,1076,-4331
bus_4169,-3172,-1760
bus_3285,-1065,5797
bus_4399,-2620,-2183
bus_1155,368,-101
bus_1200,528,-55
bus_1529,1191,-613
bus_3082,-1973,6964
bus_1519,-62,-589
bus_3041,102,5025
bus_3126,1102,4287
bus_5226,954,-6264
bus_2294,426,-4322
bus_3516,-1736,6747
bus_1642,1409,2464
bus_1121,715,112
bus_4139,-952,-2323
bus_4440,-2215,-3825
bus_3447,-653,5533
bus_1464,1318,1531
bus_3136,-1068,2461
bus_1029,1319,-847
bus_2150,592,-4392
bus_4184,-2137,-1434
bus_2313,52,-4501
bus_4089,-3041,-1585
bus_1375,112,-493
starbus_xf_5093_5202_5203_1,958,-6360
bus_4484,-1910,-3215
bus_3247,-1408,6145
bus_3612,421,3575
bus_2314,-424,-3362
bus_3629,-1873,6871
bus_4024,-3059,-1328
bus_4143,-2306,-1996
bus_4196,-2527,-1019
bus_4081,-993,-3168
starbus_xf_3486_3561_3487_1,-1211,6608
bus_1526,695,159
bus_2067,1245,-3952
bus_1507,814,-2288
bus_1515,582,-50
bus_5210,712,-6485
bus_4112,-2004,-2596
bus_3204,-989,3482
bus_4137,-1782,-2384
bus_2279,1031,-4245
starbus_xf_1428_1501_1539_1,156,-160
bus_4193,-2249,-1373
starbus_xf_1099_1100_1533_9,825,368
starbus_xf_1616_1027_1618_1,2815,2889
starbus_xf_3371_3372_3373_2,-1496,3449
bus_1627,-334,403
bus_4347,-3833,-1851
bus_5199,1131,-6078
bus_3390,-1030,3163
bus_5096,656,-6456
bus_3604,-1080,4673
bus_1382,1304,-378
bus_5072,819,-5329
bus_3144,-1603,7237
bus_4488,-1636,-3032
starbus_xf_4104_4039_4040_1,-2402,-1656
bus_2251,923,-2947
bus_1372,1378,-394
bus_2167,877,-4079
bus_3275,-1166,5437
bus_3383,-545,4293
bus_3470,-891,3562
bus_1582,2380,1969
bus_5032,600,-6227
bus_5237,963,-6343
bus_1045,505,30
bus_5059,1761,-5608
bus_1196,582,839
bus_1437,-579,-293
bus_5178,1068,-6138
bus_1099,825,368
bus_4178,-2148,-1243
bus_4459,-1894,-2326
bus_3527,390,3598
starbus_xf_2195_2293_2332_1,713,-2244
bus_4030,-2224,-2738
bus_1078,1459,-1470
bus_1087,-707,529
bus_3376,-964,7085
bus_2267,-2,-3673
bus_1084,-696,490
bus_2343,-249,-3683
bus_3343,-1230,3017
starbus_xf_3333_3335_3336_2,-26,3018
bus_3110,-686,6022
bus_3083,-1467,7293
bus_5136,651,-6556
bus_5196,1288,-6358
bus_1518,400,-304
bus_1435,-444,-283
bus_3412,-328,2956
bus_4145,-1727,-2102
bus_4406,-3384,-1875
bus_4336,-1859,-1516
bus_3201,-759,5917
bus_1584,2131,2306
bus_1007,260,-3033
bus_1069,794,-2014
bus_4022,-3032,-1224
bus_1096,832,-468
bus_2287,927,-3297
bus_3138,528,4209
bus_5022,1299,-6237
bus_4075,-932,-2764
bus_4303,-1601,-3239
bus_5238,915,-6284
bus_1163,1359,-538
bus_1508,373,-902
bus_2088,1180,-1793
bus_4054,-1964,-2673
bus_5053,811,-5700
bus_5217,413,-5730
bus_5015,565,-5371
bus_1021,2749,-1684
bus_4128,-1960,-2598
bus_2243,333,-3526
bus_3440,338,3632
bus_5066,1486,-5546
bus_1331,2000,2110
bus_2226,279,-4035
bus_2061,1082,-3101
bus_1499,664,-701
bus_4447,-2408,-3221
bus_4356,-3940,-1763
bus_1517,894,-1382
bus_2240,94,-3685
bus_1077,1438,-1461
bus_2225,341,-4144
bus_5231,748,-6038
bus_3106,-1021,5352
bus_2023,784,-1957
bus_1481,894,-1579
bus_1535,2018,2379
bus_3051,159,5054
bus_1152,679,-116
bus_1037,1227,1192
bus_3570,-465,3045
bus_1361,2186,-1475
bus_3347,-249,3097
bus_3536,1025,4232
bus_1239,380,1278
bus_4015,-3061,-1963
bus_1056,989,-1806
bus_2085,1029,-3844
bus_1106,963,-2129
bus_4319,-1827,-2251
starbus_xf_3629_3454_3456_2,-1873,6871
bus_2076,79,-4685
bus_2311,1421,-4724
bus_3068,-1018,6497
bus_3133,-1085,3311
starbus_xf_4166_4356_4492_4,-3848,-1764
bus_4040,-2466,-1680
bus_1645,861,-1721
bus_5219,1965,-5720
bus_3428,-612,3661
bus_5215,711,-5677
bus_3549,-915,4345
bus_3026,180,3842
bus_5095,1111,-6098
bus_3040,62,5064
bus_3457,-2042,7026
bus_3460,-1010,6813
bus_2323,954,-3371
bus_4200,-2525,-1301
bus_2248,482,-3920
bus_1093,703,45
bus_4176,-2223,-1226
bus_5128,1903,-5666
bus_2105,264,-3628
bus_3294,-1125,6585
bus_1082,809,725
bus_2341,343,-3661
bus_4392,-926,-2601
bus_1458,82,758
starbus_xf_2191_2029_2030_4,740,-1889
bus_3100,-1000,2976
bus_1395,951,-2174
bus_1632,2114,2269
bus_5211,662,-6530
bus_1459,1135,-792
starbus_xf_1296_1504_1506_1,629,-1107
bus_3344,-283,3067
starbus_xf_3483_3558_3485_2,-822,5732
bus_5205,1049,-6287
bus_2271,238,-3228
bus_1598,2909,2742
bus_2340,356,-3649
bus_1650,911,-2041
bus_1044,551,47
bus_3111,-938,5832
bus_3226,-1030,3422
bus_3471,-478,2930
bus_5229,1118,-5569
bus_4096,-929,-3281
bus_3017,-742,4092
bus_3299,-1209,2547
bus_3558,-869,5466
starbus_xf_2145_2243_2306_2,326,-3443
bus_1614,2581,-1815
bus_5005,957,-5707
starbus_xf_3516_3584_3517_1,-1736,6747
bus_3366,-1382,2533
bus_2064,-91,-3176
bus_5230,1015,-5530
bus_2007,169,-4378
bus_3273,-22,5394
bus_3060,11,5168
bus_4365,-2798,-1260
bus_2297,59,-4071
bus_1533,885,495
bus_4223,-3363,-1658
bus_3135,-1059,2437
bus_3405,-1302,2259
bus_5118,1112,-5788
bus_1011,1491,2184
bus_1199,944,-1807
bus_1563,1432,1715
bus_1365,816,-1464
bus_3364,54,3191
bus_4270,-2297,-3132
bus_4073,-1003,-2330
bus_3635,-687,2591
bus_2055,-314,-3692
bus_4445,-2376,-3188
bus_3280,631,4333
bus_1434,468,-410
bus_1550,322,-48
bus_3004,-1417,6783
bus_4423,-2868,-465
bus_3323,-357,2729
bus_4427,-1900,-3493
starbus_xf_3134_3135_3136_2,-1006,2471
starbus_xf_2191_2020_2021_7,740,-1889
bus_2125,504,-3172
bus_1622,2287,2279
bus_2101,40,-3765
bus_4028,-2241,-2722
bus_4448,-2503,-3300
bus_3279,569,4242
bus_3339,-390,2893
bus_4188,-2750,-1191
bus_3421,-1050,4874
bus_1186,567,-53
bus_3006,-1458,6865
bus_2270,-457,-3444
bus_5109,621,-6620
bus_3429,-559,3661
bus_2146,464,-3836
bus_3342,-1138,3004
bus_5163,1046,-5970
bus_1246,459,-475
bus_2276,853,-3239
bus_3218,125,5009
bus_2099,198,-3943
bus_4207,-1727,-1560
bus_2254,1442,-4399
bus_4202,-1611,-2026
bus_4463,-1720,-2989
bus_4479,-1940,-1963
bus_1497,889,-1977
bus_1536,902,-2246
bus_3426,-344,3718
bus_4428,-2072,-3582
bus_4496,-929,-2573
bus_4498,-914,-2821
bus_1467,430,146
bus_2057,-256,-3780
bus_2107,955,-3011
bus_3476,-1090,4415
bus_3568,-335,3514
bus_2024,779,-1936
bus_4262,-2125,-3304
bus_1047,792,555
bus_4298,-1489,-3282
bus_4480,-1918,-1872
bus_4031,-2169,-2688
bus_1444,1814,1949
bus_1538,880,-123
bus_2237,336,-3883
bus_5050,765,-5745
bus_1449,1861,-1281
bus_1110,1136,-413
bus_4257,-2063,-3911
bus_1558,76,981
bus_2056,-297,-3716
bus_2090,154,-3805
bus_3232,-117,5514
bus_2106,146,-3531
bus_1400,194,-324
bus_4047,-2544,-1578
bus_2139,1136,-1803
bus_3053,233,5132
bus_3121,-514,5595
bus_1636,1,805
starbus_xf_1090_1091_1523_9,714,507
bus_1052,771,602
bus_4042,-2470,-1647
bus_1537,915,-2259
bus_1169,1269,-521
bus_4006,-4015,-1769
bus_1068,1188,-2387
bus_1097,789,-107
bus_5142,1013,-5622
bus_4160,-3689,-1737
starbus_xf_1118_1038_1039_1,1300,-1557
bus_1221,1237,-445
bus_4305,-1601,-3380
bus_1585,107,881
bus_2315,227,-3247
bus_3410,-1267,3530
bus_3087,-1726,7292
bus_3012,-1453,4074
bus_2027,743,-1962
bus_2176,204,-3789
bus_5123,1287,-5684
bus_4418,-2466,-2423
bus_3282,1072,4315
bus_2080,-476,-3517
bus_3432,-1221,5429
bus_4277,-1862,-2484
bus_3596,-1553,6892
bus_5222,546,-6661
bus_1555,1451,-458
bus_1282,989,-639
bus_4080,-969,-3162
bus_2190,736,-2406
bus_4322,-1850,-2218
bus_2306,339,-3574
bus_2264,1031,-3962
bus_1527,1873,2274
bus_3563,-92,2939
bus_4032,-2369,-1377
bus_1293,2279,-1561
bus_4426,-2020,-3653
bus_5114,1075,-5837
bus_5169,1051,-5654
bus_3477,-1022,4658
bus_4255,-2167,-3336
bus_1468,118,641
bus_1474,2182,2350
bus_4469,-1639,-2861
bus_2008,148,-4380
bus_3025,162,3854
bus_2143,1253,-4202
bus_1315,695,-1458
bus_1115,1161,1128
bus_3164,-1247,5882
bus_3108,-693,5928
bus_4197,-2609,-831
bus_1618,2796,2885
bus_2309,1443,-4803
bus_4076,-943,-2787
bus_1238,1931,-1833
bus_4127,-2654,-894
bus_3048,-553,3019
bus_3080,-1426,7042
bus_4008,-2595,-596
bus_3034,-1239,4414
bus_1392,2133,2144
bus_3609,516,3511
bus_3159,-655,6010
bus_3397,-1728,2079
bus_4224,-973,-2291
bus_3441,-1443,2173
bus_5120,1056,-5668
starbus_xf_2200_2196_2304_3,-277,-2958
bus_1240,374,-435
bus_2162,237,-3162
bus_4382,-2428,-2099
bus_3224,-1321,7107
bus_5075,1603,-5786
starbus_xf_3413_3415_3414_2,-187,2958
bus_1137,2600,-1798
bus_3597,-1564,6890
bus_4039,-2452,-1688
bus_1591,2140,2475
bus_4332,-2030,-3754
bus_3243,-629,6039
bus_3643,-1160,6857
bus_2266,42,-3609
bus_2081,-490,-3510
bus_3089,-1650,7315
bus_1113,1263,-2064
bus_4026,-2919,-1065
bus_1105,985,-570
bus_5028,435,-6210
bus_3251,-1899,5093
bus_1048,733,-1490
bus_1543,198,980
bus_1453,952,1463
bus_2097,453,-4193
bus_1158,1136,-1159
bus_4342,-1640,-2952
bus_1154,1751,-1387
bus_4285,-1784,-2602
bus_4020,-2827,-1995
starbus_xf_3302_3304_3303_2,66,3102
bus_1463,703,849
bus_1349,1492,-482
bus_1187,37,680
bus_1142,1349,2391
bus_1269,1296,-332
bus_1050,788,582
bus_1604,1498,-532
bus_1416,1700,1483
bus_3353,-386,2501
bus_1032,1292,-309
bus_4029,-2227,-2760
bus_3049,-551,3089
bus_1341,294,913
bus_1001,-268,-685
bus_3199,-961,6663
bus_1190,529,439
bus_3140,-1156,6759
bus_5092,997,-6215
bus_3422,-963,4900
bus_2114,860,-3472
bus_1053,1057,-928
bus_4452,-2117,-2487
bus_2213,97,-3966
bus_4346,-3660,-1696
bus_5124,423,-5742
starbus_xf_4104_4045_4046_4,-2402,-1656
starbus_xf_2191_2031_2022_5,740,-1889
bus_3542,-1363,4082
bus_4424,-1938,-3768
bus_1148,1369,-1490
bus_4166,-3848,-1764
bus_1347,2504,2612
bus_1285,2296,2442
bus_3319,-611,4070
bus_5012,1636,-5524
bus_3404,-1277,2249
bus_4133,-2072,-2841
bus_3078,-1084,6940
starbus_xf_1273_1572_1573_2,2120,2328
bus_2109,224,-3741
bus_5141,1060,-5659
bus_1225,2666,-1661
bus_1624,-566,379
bus_5236,423,-6111
bus_2242,1398,-4306
bus_4125,-2074,-2389
bus_2196,-491,-2732
bus_2200,-277,-2958
bus_3395,-969,3656
bus_1244,482,-493
bus_5208,643,-6447
bus_5068,383,-5832
bus_2074,-14,-3759
bus_3370,-508,4387
bus_4017,-3070,-1848
bus_4320,-1945,-2363
bus_2079,-465,-3534
bus_4325,-1886,-1930
bus_1038,1364,-1619
bus_4420,-2382,-2515
bus_3557,-833,5026
bus_4136,-2015,-2389
bus_3586,-576,4901
bus_2041,460,-4211
bus_3253,-1400,2824
bus_3267,-972,7187
bus_3220,-1791,4951
starbus_xf_1296_1504_1505_2,629,-1107
bus_4085,-2465,-1810
bus_5065,1501,-5533
bus_4371,-2321,-1420
bus_3192,-976,3255
starbus_xf_3413_3415_3414_1,-187,2958
starbus_xf_2191_2025_2026_2,740,-1889
bus_2284,935,-3619
bus_4016,-3064,-1874
bus_3407,-1530,6296
bus_4456,-2245,-2834
bus_5030,1311,-6355
bus_1612,2233,2144
bus_2151,-210,-3519
bus_3096,-1013,6597
bus_2028,749,-1979
bus_3493,-398,5494
bus_5046,1861,-5958
bus_3561,-1250,6362
bus_3160,-782,5815
bus_4487,-2070,-4112
bus_3611,-954,4846
bus_3145,-1616,7306
bus_1006,762,864
starbus_xf_1118_1042_1043_3,1300,-1557
bus_4002,-2616,-1803
bus_4206,-1840,-1583
bus_3186,-1553,4615
bus_1201,1053,1146
bus_4229,-2143,-896
bus_4500,-2424,-1109
bus_5041,949,-5712
bus_4110,-2493,-1830
bus_1147,519,545
bus_5121,1133,-5863
starbus_xf_5087_5175_5176_3,1139,-6349
bus_2218,407,-4312
bus_3276,-942,6940
bus_4458,-2045,-2244
bus_1219,1322,-618
bus_3334,-1391,3478
bus_2273,849,-3735
bus_3452,-879,6634
bus_1377,-466,-304
bus_4339,-1757,-2733
bus_1218,-52,1424
bus_4147,-1685,-2651
bus_2034,1337,-4187
bus_3535,484,3585
bus_5180,466,-5914
bus_4478,-1922,-2096
bus_1124,697,535
bus_4444,-2351,-3218
bus_1524,-46,1448
bus_5181,443,-5908
bus_3142,-1072,6873
bus_3035,-1309,4480
bus_4236,-2396,-2385
bus_4465,-1608,-3485
bus_2177,193,-3623
bus_4300,-1720,-2576
bus_1433,263,-555
bus_2265,77,-4396
bus_1557,844,1491
bus_4366,-2772,-1272
bus_2042,690,-4332
bus_1308,863,-2112
bus_3171,-866,2904
bus_1017,1001,674
bus_2160,325,-3872
bus_2170,805,-3201
bus_1528,1203,-624
bus_1083,989,-1679
bus_5204,1418,-6149
bus_4468,-1452,-3242
bus_3195,-1417,6057
bus_4246,-1996,-3550
starbus_xf_1118_1040_1041_2,1300,-1557
bus_1079,1451,-1534
bus_3442,-175,4565
starbus_xf_4257_4379_4434_1,-2063,-3911
bus_3070,-696,6159
bus_3540,1432,4487
bus_4335,-1901,-3129
bus_1033,960,-1530
starbus_xf_2145_2243_2306_3,326,-3443
bus_1054,320,-3090
bus_4411,-2096,-2617
bus_3386,-1347,2481
bus_3044,-973,5330
bus_1127,433,-576
bus_4058,-2044,-2666
bus_1403,287,140
bus_3085,-1460,7399
bus_4495,-2187,-796
bus_4037,-2715,-2741
bus_2283,132,-4155
bus_4023,-3049,-1272
bus_4312,-1586,-2960
bus_3652,228,2866
bus_4220,-898,-2745
bus_3173,-1258,4095
bus_1060,2211,-1861
starbus_xf_3177_3179_3178_2,-1249,2385
bus_3123,-1272,2398
bus_1173,2300,2524
bus_1655,-601,473
bus_4035,-2721,-2716
bus_5044,1992,-5708
bus_4461,-2012,-2461
starbus_xf_1092_1093_1526_2,703,257
bus_1287,641,962
bus_1320,1005,-407
bus_3427,-55,3789
bus_5000,1877,-5949
bus_2001,32,-4157
bus_3479,-1013,3992
bus_2303,-404,-2893
bus_4044,-2437,-1620
bus_2274,860,-3741
bus_3071,-1507,6335
bus_1104,1748,2235
bus_3222,-945,3336
bus_3659,-586,6101
bus_1445,808,963
bus_4287,-1760,-2851
bus_1292,863,-2165
bus_5122,507,-5712
bus_2324,970,-3337
bus_1414,867,-1501
bus_2003,992,-3064
bus_2286,275,-3385
bus_3118,-434,5577
starbus_xf_4166_4356_4491_3,-3848,-1764
bus_3332,-2094,6974
bus_1089,1860,1245
bus_1332,639,19
bus_1109,1063,2437
bus_3434,619,3536
bus_1274,925,-1481
bus_1192,1626,1705
bus_1418,-396,-263
bus_3154,631,4150
bus_4286,-1730,-2741
bus_5077,1415,-6262
bus_3263,-1368,4590
bus_1638,1531,1700
bus_1357,-1074,1989
bus_1198,528,664
bus_2171,782,-3231
bus_3122,-1335,5018
bus_3193,-1046,3295
bus_1311,968,-1737
bus_3298,-66,5611
bus_4372,-2924,-1824
starbus_xf_2191_2023_2024_1,740,-1889
bus_4368,-2979,-1308
starbus_xf_2077_2205_2346_2,-409,-3284
bus_4144,-2706,-1816
bus_3240,-1445,7178
bus_4104,-2402,-1656
bus_4228,-2150,-1130
bus_4387,-1394,-1914
bus_4292,-2134,-3081
bus_3560,-587,3475
bus_4403,-3248,-1756
bus_1592,926,1474
bus_1428,156,-160
bus_2089,1182,-1830
bus_4183,-2652,-1307
bus_2220,393,-3482
bus_4340,-1008,-2283
bus_3355,-253,3222
bus_2202,721,-4255
bus_2346,-392,-3198
bus_1015,2802,2320
bus_3112,-955,5932
bus_3113,-929,5934
bus_1041,1354,-1585
bus_3189,-1369,7106
bus_3302,66,3102
bus_3584,-1503,6658
bus_4062,-1815,-2614
bus_3081,-1452,7139
bus_5070,778,-5332
bus_4343,-2613,-2221
bus_1134,406,416
bus_4213,-1378,-1956
bus_3143,-1621,7237
bus_1583,822,-2180
bus_5008,1267,-5579
bus_1145,1363,1597
bus_3565,-560,5289
bus_3033,-1500,5135
bus_4198,-2700,-678
bus_2026,792,-1904
starbus_xf_2195_2293_2332_2,713,-2244
bus_2280,149,-4060
bus_3320,-614,4125
bus_3132,-1095,3285
bus_4419,-2569,-2611
bus_1042,1307,-1628
bus_4065,-1769,-2584
bus_1070,848,-2033
bus_3306,-1608,2122
bus_2066,1381,-4708
bus_1456,1663,1434
bus_1631,2122,2243
bus_1516,467,-53
bus_1333,735,61
bus_1554,2279,1953
bus_3076,-947,6840
bus_5184,565,-5918
bus_4431,-1978,-3523
bus_4481,-1853,-2061
bus_4177,-2135,-1327
bus_3554,-869,4570
bus_2075,-33,-3732
bus_3262,-1234,5910
bus_1296,629,-1107
bus_1257,731,1347
starbus_xf_4038_4034_4033_3,-2644,-2675
bus_2291,669,-4017
bus_5183,535,-5915
bus_4380,-2074,-2338
bus_3490,-422,3036
bus_3177,-1249,2385
bus_1061,970,-1623
bus_1191,313,384
bus_3062,-151,5482
bus_5240,1125,-5907
bus_1423,1832,1817
bus_3152,-1185,5417
bus_3585,-522,4877
bus_4240,-2397,-2645
bus_1300,1103,-805
bus_3417,-1011,4895
bus_3261,405,3966
bus_4001,-2078,-2282
bus_5113,830,-5662
bus_5127,708,-5350
starbus_xf_3302_3304_3303_1,66,3102
bus_5218,1292,-5726
bus_3331,-1691,7364
bus_1525,713,160
bus_5228,1311,-5662
bus_1358,2877,2867
bus_2032,1337,-4214
bus_2039,305,-3604
bus_3338,-434,2896
bus_1259,-164,-511
bus_2246,1510,-4562
bus_2016,845,-3349
bus_3582,-935,2649
bus_5016,581,-5395
bus_5234,577,-6079
bus_3455,-1933,6862
bus_2300,490,-4179
bus_3541,741,3944
bus_3325,-1305,2188
starbus_xf_3358_3360_3361_1,-1532,3501
bus_4489,-2685,-2259
bus_1133,824,420
bus_4097,-3742,-1731
bus_3020,-776,4267
bus_4212,-1560,-1923
bus_2310,1429,-4466
bus_2249,472,-3932
bus_1648,2236,2578
bus_2187,1189,-3799
bus_1184,966,371
bus_1261,323,829
bus_2252,416,-4320
bus_3287,1311,4487
bus_3271,-580,2683
bus_4273,-2347,-3142
bus_2054,-309,-3712
bus_1249,1098,-2068
bus_2108,380,-3402
bus_3009,-1313,4068
bus_1404,1160,345
bus_2198,960,-3638
bus_1267,1034,-1680
bus_1505,574,-1161
bus_2036,1284,-4291
bus_3378,-422,2700
bus_3485,-837,5608
bus_2102,855,-1853
bus_1036,1257,1143
bus_3387,-1456,2485
bus_4422,-2467,-2697
bus_3018,-758,4083
bus_5033,609,-6237
starbus_xf_3362_3364_3363_1,-17,3141
bus_1138,597,315
bus_5061,1590,-5552
bus_5031,630,-6240
bus_3229,-635,3096
bus_1373,1380,-431
bus_2047,691,-4306
bus_4025,-2959,-1413
bus_1504,593,-1175
bus_1568,3,-187
bus_4217,-1094,-2136
bus_3475,-1177,4045
bus_5213,1161,-6181
bus_5149,1155,-5495
starbus_xf_1273_1572_1573_1,2120,2328
bus_1146,1058,1182
bus_3588,-536,4897
bus_4050,-2747,-1032
bus_4106,-2633,-1576
bus_4152,-912,-3273
bus_3385,-496,2609
bus_3616,568,3851
bus_2191,740,-1889
bus_3595,-702,3207
bus_3284,-1358,5009
bus_5104,745,-6429
bus_3435,599,3571
bus_5102,790,-6368
bus_1560,473,-20
bus_4103,-967,-3102
bus_1026,1948,2390
bus_2247,1534,-4493
bus_5089,1146,-6037
bus_1513,710,62
bus_2344,1404,-4399
bus_2234,766,-2913
starbus_xf_1097_1098_1162_1,789,-107
bus_3046,-988,5391
bus_5131,1251,-6104
bus_3260,-1100,6461
bus_3329,-1687,7268
bus_1430,243,911
bus_2070,1345,-4754
bus_2004,997,-3037
bus_2169,629,-2952
bus_3315,-890,4237
bus_4045,-2451,-1601
bus_4094,-2143,-2100
bus_3628,-1863,6796
bus_1126,1335,1359
bus_3489,-1252,6502
bus_4003,-4058,-1874
bus_4056,-2145,-3409
bus_3430,-147,4530
bus_4272,-2315,-3045
bus_1092,703,257
bus_4482,-2016,-3389
starbus_xf_1430_1502_1543_2,243,911
bus_3464,-1601,2924
bus_1262,991,1375
bus_4019,-2914,-2084
bus_5206,1446,-6186
bus_1185,238,527
bus_3398,-1821,2053
bus_1506,615,-1182
bus_4499,-898,-2826
bus_4321,-1880,-2134
bus_5134,1276,-6144
bus_1202,1080,1914
bus_3130,-1306,3114
bus_5186,1731,-5633
bus_3120,-535,5511
bus_4373,-2685,-1080
bus_5224,929,-6253
starbus_xf_3483_3558_3484_3,-822,5732
bus_3351,-533,4111
bus_1451,545,492
bus_3095,-1976,6884
bus_1574,-422,428
bus_2289,809,-3443
bus_5106,715,-6468
starbus_xf_3302_3304_3303_3,66,3102
bus_1209,2478,-1579
bus_3239,-446,4346
bus_3601,-747,2974
bus_5055,584,-5883
bus_2010,-25,-3913
bus_3214,-1137,2866
bus_1153,997,1100
bus_2322,961,-3351
bus_1263,89,-202
bus_3058,-1308,3419
bus_3419,-1444,4973
bus_5137,1725,-5846
bus_1085,-711,452
bus_3656,422,2892
bus_3402,-65,3166
bus_3198,-944,6649
bus_3365,-1266,2451
bus_3617,1122,4261
bus_1531,1701,1233
bus_4231,-2402,-3075
bus_3178,-1332,2344
bus_2338,1031,-4353
bus_4034,-2703,-2725
bus_4378,-2292,-3831
bus_3165,-1049,5738
bus_3283,-997,6898
bus_5097,1355,-6119
starbus_xf_4218_4392_4496_1,-897,-2567
bus_4318,-1715,-2814
bus_1334,1976,2090
bus_4046,-2458,-1623
bus_3336,44,3051
bus_4449,-2474,-3131
starbus_xf_3134_3135_3136_1,-1006,2471
bus_4126,-2594,-940
bus_4253,-1941,-3307
bus_3161,-946,5782
bus_3411,-327,2944
bus_5036,759,-5693
bus_5054,642,-5751
bus_5058,1584,-5507
starbus_xf_2145_2243_2306_1,326,-3443
bus_1587,1681,-2347
bus_2031,758,-1965
bus_2269,94,-4418
bus_4432,-2306,-3822
bus_3409,-1280,3508
bus_3392,-1090,3172
bus_1014,346,-1233
bus_3202,-751,6043
bus_5039,910,-5711
bus_1510,1869,1745
bus_3014,-891,2956
bus_1258,135,-454
bus_4154,-2383,-1796
bus_3605,-757,3287
bus_4483,-2056,-3852
bus_1177,723,-891
bus_4455,-1789,-2936
bus_1255,1977,-1315
bus_1073,1426,-1494
bus_1540,76,-134
bus_2012,1039,-2934
bus_2214,241,-3841
bus_2255,1320,-4352
bus_4180,-2124,-1196
bus_1081,787,739
bus_1193,1179,1409
bus_3396,-1030,3726
bus_3190,-791,6837
bus_1401,311,234
bus_5052,522,-5879
bus_1108,2426,-1595
bus_2351,110,-4266
bus_2077,-409,-3284
bus_5086,1461,-6328
bus_3614,895,4111
starbus_xf_4187_4230_4495_2,-2161,-871
bus_2235,821,-2923
bus_1162,839,-193
bus_1055,261,-3078
bus_2006,159,-4273
bus_2332,765,-2329
bus_3587,-557,4889
bus_1578,2502,2560
bus_3518,-1155,6151
bus_1116,1984,2351
bus_2082,220,-3218
bus_3495,-511,5376
bus_3274,-68,5301
bus_3556,-853,3865
bus_3381,-410,2650
bus_3525,348,3653
bus_1098,818,-295
bus_4296,-1884,-2362
bus_1009,276,-3103
bus_4156,-3361,-1633
bus_3373,-1606,3457
bus_5198,1106,-6069
starbus_xf_2191_2027_2028_3,740,-1889
bus_1312,2044,2249
bus_3607,380,3765
bus_3148,-1323,6690
bus_4475,-1738,-2895
bus_3547,-906,4002
bus_2062,1088,-3080
bus_1328,1753,-2399
bus_3375,-857,7043
bus_3465,-1552,2808
bus_3418,-911,4889
bus_3203,-995,3510
bus_4307,-1893,-2668
bus_1067,1761,-2378
bus_2021,771,-1954
bus_3259,-1099,6377
starbus_xf_1121_1123_1635_7,715,112
bus_1455,438,792
bus_2221,411,-4225
bus_4383,-2578,-1258
bus_4000,-2910,-1044
bus_3369,-512,4317
bus_3545,-600,3049
bus_3162,-960,5877
bus_1647,-170,484
starbus_xf_3226_3227_3228_1,-1030,3422
bus_2197,888,-4181
bus_1091,759,719
bus_1534,504,-544
bus_3618,1258,4394
bus_4275,-2291,-2954
bus_1159,1823,2202
bus_2275,637,-3026
bus_4309,-1668,-2916
starbus_xf_1148_1079_1080_4,1369,-1490
bus_4398,-3482,-1608
bus_1478,597,-481
bus_1252,875,144
bus_1532,899,491
starbus_xf_1148_1077_1078_3,1369,-1490
bus_1496,531,970
bus_4462,-2055,-2496
bus_2014,922,-3110
bus_2063,-101,-3147
bus_2339,334,-3643
bus_3645,-1163,3254
bus_1589,2052,2095
bus_2140,1017,-4276
bus_3449,-1719,7565
bus_1387,1118,-512
bus_3462,-1234,7046
bus_3023,-1314,5960
bus_5043,2004,-5764
starbus_xf_3231_3644_3645_1,-1064,3231
bus_2304,-388,-2854
bus_4425,-1919,-3912
bus_3236,-917,2805
starbus_xf_3492_3565_3495_1,-453,5410
bus_1112,795,-151
bus_1107,48,0
bus_1074,1419,-1517
bus_5116,1193,-5956
bus_1289,970,-499
bus_4409,-2543,-3249
bus_3300,1342,4456
bus_2239,105,-3527
bus_4153,-1009,-3162
bus_1649,537,1061
bus_3055,181,5298
bus_3174,-1425,4091
bus_2103,871,-4184
bus_1012,327,-1203
bus_2260,1368,-4310
bus_5133,1050,-6217
bus_3354,-564,4081
starbus_xf_2077_2205_2349_3,-409,-3284
bus_3438,371,3639
bus_3067,-937,6566
bus_3059,-1401,3455
bus_3341,-884,2464
bus_5006,1074,-5702
bus_1039,1345,-1629
bus_2209,-82,-3150
bus_3183,-1551,7483
bus_3633,-1147,2506
bus_2326,672,-4086
bus_1195,349,757
bus_4474,-1654,-2994
bus_1206,867,-1329
bus_4369,-2988,-1353
bus_2058,-267,-3784
bus_2127,786,-2975
bus_1071,795,-1987
bus_4388,-1410,-1956
bus_4421,-2336,-2734
bus_1477,1237,1469
bus_3270,-1045,6993
bus_4061,-2035,-2683
starbus_xf_4220_4074_4499_5,-898,-2745
bus_4407,-3407,-1849
bus_1486,1527,-552
bus_1559,1771,1914
bus_4048,-2481,-1600
bus_1396,1641,1447
bus_5074,1372,-5727
bus_2091,928,-3032
bus_2126,703,-2878
bus_1243,658,-372
bus_2128,340,-3787
bus_1576,861,-757
bus_2059,-275,-3768
bus_3399,-1830,2075
bus_3431,-250,4608
bus_4251,-2185,-3693
bus_5037,1044,-5875
bus_2178,900,-3575
bus_4216,-864,-2495
bus_1590,1022,203
bus_1460,1113,-471
starbus_xf_3362_3364_3363_2,-17,3141
bus_2231,941,-4072
bus_5067,1450,-5558
bus_1120,692,-193
bus_4014,-3051,-1943
bus_3546,-981,2560
starbus_xf_3359_3360_3361_2,-1519,3506
bus_1346,1167,325
bus_3115,-1450,6140
bus_2030,769,-1904
bus_3505,-444,2787
bus_1621,875,1476
bus_5144,1222,-5533
bus_4235,-2456,-2217
bus_5049,742,-5731
bus_3088,-1732,7269
bus_3028,-1233,4114
bus_1378,-457,-330
bus_1607,2576,2235
bus_4497,-867,-2792
bus_3242,-803,5828
bus_3624,-25,3843
bus_3151,-54,5307
bus_1593,2977,2908
bus_3443,-209,4591
bus_2118,984,-3929
bus_4036,-2719,-2698
bus_1136,2127,-1817
bus_4194,-2042,-1799
bus_4111,-3039,-1644
bus_2040,440,-4194
bus_1438,360,873
bus_3539,1329,4401
bus_4242,-2580,-975
bus_3149,-419,5506
bus_1049,727,601
bus_2282,101,-4289
bus_5223,1291,-6185
starbus_xf_3177_3179_3178_1,-1249,2385
bus_5090,898,-6262
bus_5132,1077,-6174
bus_1223,-253,-282
bus_3072,-1150,4053
bus_1522,-24,1461
bus_4268,-2189,-3543
bus_2328,689,-4097
bus_5064,1692,-5528
bus_3305,-1008,7062
bus_5017,853,-5363
starbus_xf_4031_4030_4029_1,-2169,-2688
bus_4172,-2715,-1346
starbus_xf_5088_5175_5241_4,1157,-6348
bus_2307,1400,-4609
starbus_xf_3628_3455_3453_1,-1863,6796
bus_3433,-1287,5502
bus_3466,-1562,2879
bus_2348,-437,-3349
bus_1229,1022,-1940
bus_3147,-828,6943
bus_1350,1684,-523
bus_3258,-631,5997
bus_4492,-3918,-1747
bus_1620,836,-1563
bus_1062,707,-1482
bus_1236,645,137
bus_2017,108,-3479
bus_5130,1138,-5920
bus_1599,-1094,1961
bus_3598,-714,4483
bus_1010,293,-3086
bus_5193,1390,-5771
bus_4471,-1565,-3205
bus_1551,753,586
bus_2347,-389,-3223
bus_4074,-921,-2853
bus_1284,295,758
bus_4280,-2056,-2473
bus_1406,485,488
bus_3324,-1281,2170
bus_4204,-1944,-1667
bus_1338,787,-513
bus_3498,-96,3624
bus_3311,-668,4073
bus_5150,904,-5344
bus_1639,1516,1724
bus_2215,167,-3906
bus_3650,647,2809
bus_5047,1837,-5960
bus_3016,-931,2995
bus_1100,910,619
bus_3389,-1451,2464
bus_1301,681,-960
bus_3170,-845,2971
bus_5168,971,-5848
bus_4413,-2093,-2592
bus_3231,-1064,3231
bus_2334,791,-2400
bus_4439,-2177,-3163
bus_3497,-101,3634
bus_1473,1459,1657
bus_4051,-3008,-349
bus_4441,-2214,-4008
bus_4434,-2098,-4013
bus_1306,2113,-1416
bus_1569,1157,-402
bus_2336,936,-4019
bus_1166,1073,-728
bus_4337,-2440,-2336
bus_2208,453,-3333
bus_1547,668,1050
bus_3168,-650,5604
bus_2206,880,-3494
bus_2296,71,-4088
bus_4219,-907,-2658
bus_1230,247,195
bus_2181,803,-3560
bus_3237,-472,4285
bus_1542,199,1000
bus_4453,-2227,-2610
bus_3103,-1510,4330
bus_1025,1612,-1106
bus_2321,880,-3719
bus_4385,-1450,-1717
bus_3002,-1218,5893
bus_3157,-1392,4828
bus_1237,2110,-1334
bus_3209,-881,6734
bus_4107,-2794,-1647
bus_5035,750,-5680
starbus_xf_3633_3514_3513_4,-1147,2506
bus_1402,1986,1943
bus_1265,785,983
bus_1335,2031,2351
bus_3042,76,5045
starbus_xf_3226_3227_3228_2,-1030,3422
bus_1156,682,204
bus_2022,769,-1980
bus_4012,-3043,-1993
bus_3647,-837,3342
bus_3606,-992,4175
bus_1128,396,-547
bus_1309,816,-697
bus_5197,1485,-6382
bus_4314,-1522,-3231
bus_1182,1536,1414
bus_4157,-3501,-1584
bus_5179,762,-5772
bus_3436,608,3514
bus_1150,644,526
bus_3102,-1446,4295
bus_3272,-134,5468
bus_4123,-2190,-2878
bus_4384,-2774,-1830
bus_4435,-2180,-3969
starbus_xf_5094_5202_5203_2,973,-6363
bus_2189,399,-3860
bus_3444,-307,3700
bus_4437,-2164,-4133
starbus_xf_1148_1075_1076_2,1369,-1490
bus_1299,2630,2721
bus_1019,915,383
bus_4233,-2260,-2230
bus_4460,-1886,-2512
bus_3211,-1228,6939
bus_2069,1355,-4754
bus_1544,1393,1164
bus_2201,574,-3521
bus_2111,540,-4107
bus_3116,-1254,4050
bus_4078,-932,-2934
bus_4116,-2530,-1665
bus_3506,-1055,3399
bus_1634,639,56
bus_4084,-2532,-1823
bus_1129,764,-346
bus_5185,1808,-5646
bus_4252,-1965,-3341
bus_4234,-2370,-2224
bus_1307,1900,-1313
bus_3013,-1406,4123
bus_5069,495,-5796
bus_4260,-2127,-4027
bus_4179,-2161,-1186
bus_4381,-1913,-2399
bus_1613,2144,1943
bus_4055,-2174,-3392
bus_4135,-1965,-2388
starbus_xf_4109_4357_4358_1,-2836,-1815
bus_3520,-936,3314
bus_3188,-1432,4432
bus_4301,-1695,-2902
bus_1324,758,-1418
bus_3295,562,3886
bus_2228,16,-3858
bus_3488,-1229,6494
bus_5162,805,-6131
bus_1472,1145,-823
bus_1629,1875,1982
bus_3316,-928,4294
starbus_xf_2200_2196_2305_2,-277,-2958
bus_3484,-852,5607
bus_4410,-2080,-2629
bus_1302,565,1391
bus_1188,166,565
starbus_xf_3379_3380_3381_3,-438,2691
bus_2278,1051,-3940
bus_4376,-2945,-395
bus_3029,-1272,4174
bus_1090,714,507
bus_4167,-3222,-1469
bus_1580,2801,2749
bus_1030,1305,-872
bus_4011,-3080,-1869
bus_1581,27,1398
bus_3445,-777,2968
bus_3463,-928,7430
bus_3074,-951,2806
bus_4391,-1119,-2113
bus_3414,-125,2966
bus_4230,-2163,-830
bus_2192,747,-2705
bus_1601,2833,2717
bus_2295,400,-3956
bus_3155,618,4166
bus_3308,-1705,2130
bus_1080,1435,-1548
bus_3644,-1158,3275
bus_4324,-1830,-2105
bus_5073,1449,-5728
bus_5191,1454,-5600
bus_2025,792,-1927
bus_3225,-2013,6902
bus_4454,-2158,-2672
bus_4466,-1915,-2749
bus_4009,-2568,-542
bus_4389,-1243,-1976
bus_5194,1629,-5829
bus_5203,960,-6395
bus_1548,686,-221
bus_3526,389,3622
bus_2222,479,-4185
bus_3289,1503,4551
bus_5098,1062,-6237
bus_1215,876,-435
bus_2044,676,-4257
bus_2204,-68,-3103
bus_2219,120,-4188
bus_3623,-816,3268
bus_4018,-2820,-2020
bus_4258,-2137,-3869
bus_4350,-2540,-632
bus_2072,35,-4579
starbus_xf_1588_1327_1068_2,1210,-2379
bus_3467,-1130,3182
bus_2161,348,-3879
bus_2232,929,-4072
bus_3277,-1035,5731
bus_3278,485,4116
bus_4405,-3395,-1862
starbus_xf_4104_4043_4044_3,-2402,-1656
bus_4243,-1970,-3309
bus_4288,-2148,-2427
bus_3359,-1519,3506
bus_4491,-3913,-1767
bus_2100,177,-4137
bus_2244,1502,-4440
bus_5155,814,-6003
bus_3117,-470,5484
bus_2060,1089,-3056
bus_2043,682,-4281
bus_1232,1097,-538
bus_4245,-1913,-3805
bus_3613,419,3556
bus_4115,-2628,-1613
bus_4225,-1983,-3864
bus_3050,123,5110
bus_1168,887,-2086
bus_3424,-211,3633
bus_2048,549,-4447
bus_2073,577,-4314
bus_3454,-1918,6944
bus_4313,-1550,-3113
bus_4218,-897,-2567
bus_5004,1010,-5711
starbus_xf_4257_4379_4434_2,-2063,-3911
bus_1149,721,682
bus_5161,678,-6194
bus_1652,16,475
bus_5042,888,-5675
bus_3008,-1477,4995
bus_2337,513,-3245
bus_3382,-541,4204
bus_3626,-1435,6262
starbus_xf_1097_1098_1161_2,789,-107
bus_4361,-3182,-1502
bus_1118,1300,-1557
bus_1502,178,981
bus_1454,1758,1455
starbus_xf_3371_3372_3373_1,-1496,3449
bus_5177,981,-6261
bus_4377,-2307,-3803
bus_3403,-17,3237
bus_1600,-1106,2014
bus_1567,1050,1444
bus_2257,869,-2937
bus_3303,147,3136
starbus_xf_1106_1167_1536_3,963,-2129
bus_3129,-1207,3092
bus_2158,988,-3853
bus_5192,722,-5364
bus_2019,776,-1869
bus_5140,976,-5663
bus_2238,314,-4087
bus_1640,553,-564
bus_1178,524,-60
bus_2002,51,-4179
bus_2009,263,-4291
bus_3172,-1334,6180
bus_4148,-1876,-2795
bus_4289,-2187,-2766
bus_3532,-1165,4217
bus_1326,579,-361
bus_1512,2085,2129
bus_2122,829,-3277
bus_1319,624,-2357
bus_1579,2310,2653
bus_4494,-2185,-816
bus_3069,-725,6053
bus_1633,1955,-1261
bus_1072,818,-2027
bus_2195,713,-2244
bus_5013,600,-5403
bus_1351,1714,1868
starbus_xf_4220_4394_4497_1,-898,-2745
bus_3437,600,3549
bus_4005,-3913,-1793
bus_1546,1251,1182
bus_3482,-982,5236
bus_3550,-918,4796
bus_1461,1115,-484
bus_4470,-1578,-3039
bus_1654,-611,449
bus_1114,1232,-816
bus_3137,493,4108
bus_1224,515,156
bus_3205,-1012,3485
bus_4174,-2561,-1437
bus_3077,-1074,6928
bus_5172,1502,-5586
bus_4412,-2075,-2656
bus_5216,1116,-5827
bus_5091,995,-6295
bus_4071,-1851,-1994
bus_3363,40,3209
bus_4109,-2836,-1815
bus_4349,-3038,-1544
bus_4276,-2075,-2558
bus_2298,380,-3478
bus_4429,-1987,-3446
bus_3504,-479,2780
bus_3322,-411,2737
bus_3648,503,3236
bus_4007,-2601,-564
bus_4238,-2202,-2504
bus_2129,165,-3371
bus_4057,-2100,-3196
bus_3591,-1070,5934
bus_3227,-1101,3486
bus_2018,786,-1878
bus_2015,857,-3331
bus_4450,-2358,-3007
bus_4345,-3575,-1572
bus_3075,-1029,2801
bus_2147,693,-3618
bus_1552,765,561
bus_2227,2,-3847
bus_4010,-3048,-1968
bus_3388,-1451,2507
bus_1241,450,985
bus_4041,-2457,-1657
bus_4443,-2318,-3521
bus_1212,710,-618
bus_5220,627,-5695
bus_3326,-1331,2135
bus_4131,-1843,-2005
bus_1305,853,-451
bus_2292,682,-4013
bus_3401,-896,6940
bus_1388,1114,-526
bus_5103,796,-6353
bus_3221,-1863,4969
bus_1132,897,993
bus_3248,-1173,6240
bus_1564,1563,-1055
bus_2320,869,-3729
bus_5200,834,-6302
bus_3043,94,5061
bus_2000,66,-4685
starbus_xf_2191_2018_2019_6,740,-1889
starbus_xf_4104_4041_4042_2,-2402,-1656
starbus_xf_2162_2271_2315_5,237,-3162
bus_5202,941,-6397
starbus_xf_1587_1328_1067_1,1681,-2347
bus_2045,671,-4290
bus_3179,-1336,2364
bus_3114,-1373,6081
bus_3191,-1368,7212
bus_3200,-909,6699
bus_5147,1079,-5510
bus_1523,736,625
bus_3394,-661,4211
bus_1480,858,-1966
bus_1503,2342,-1574
bus_3413,-187,2958
bus_1369,-473,449
bus_3420,-1407,5020
bus_3158,307,3563
bus_1405,1172,304
bus_3530,-1231,4614
bus_3039,43,4965
bus_3478,-1071,4053
bus_1003,769,804
bus_4344,-2551,-2153
bus_1228,-219,-287
bus_3380,-389,2652
bus_4013,-3078,-1895
bus_5233,769,-6046
bus_1217,433,-2941
bus_3517,-1629,6712
bus_2046,679,-4315
bus_5241,1162,-6405
bus_1140,828,-241
bus_1247,1128,-2184
bus_1336,901,1394
bus_3423,-243,3682
bus_4415,-2064,-2666
bus_1253,244,419
bus_1475,2136,-1462
bus_2117,889,-4202
bus_1572,2213,2386
bus_2035,1317,-4224
bus_1383,407,-1151
bus_4004,-3878,-1892
bus_1314,711,-970
bus_2245,1479,-4485
bus_4158,-3496,-1689
bus_1577,1032,-710
bus_1549,332,-22
bus_1419,2191,2245
bus_3415,-127,2990
bus_4079,-952,-2920
bus_4211,-1506,-1837
bus_5195,1325,-6234
bus_1139,1042,-2200
bus_3483,-822,5732
bus_4477,-1971,-2187
bus_5045,2045,-5746
bus_1479,893,-1656
bus_4064,-1778,-2620
bus_2164,937,-3740
bus_3054,120,5207
bus_4278,-1936,-2305
bus_1630,907,1571
bus_4082,-947,-3276
bus_5057,1417,-5541
bus_2095,959,-4023
bus_1125,978,-738
bus_2203,149,-3261
bus_1043,1324,-1614
bus_1027,2751,2808
bus_2145,326,-3443
bus_1447,2034,2210
starbus_xf_3231_3644_3645_2,-1064,3231
bus_5040,883,-5645
bus_4038,-2644,-2675
bus_2262,1307,-4462
bus_1297,837,-2208
bus_1321,-293,402
bus_4113,-2983,-1700
bus_3534,-938,3182
bus_4067,-1983,-3394
bus_1288,2161,-1359
bus_2211,411,-4354
bus_2092,1230,-3851
bus_4416,-2434,-2245
bus_1024,1660,-1046
bus_1119,912,-715
bus_5190,1531,-5566
bus_3360,-1593,3546
bus_2037,1274,-4304
bus_3487,-1243,6489
bus_4201,-1634,-2146
bus_1031,1078,-1731
bus_1281,882,-668
bus_2230,308,-4195
bus_2355,-1806,-942
bus_5214,1122,-6320
bus_2325,967,-3314
bus_3022,-1385,4213
bus_3309,-1686,2079
bus_1488,318,946
bus_1360,3055,2923
bus_1157,518,61
bus_4059,-2022,-2689
bus_5126,418,-5827
starbus_xf_1099_1100_1532_10,825,368
bus_3461,-738,6931
bus_4364,-2734,-1292
bus_2352,947,-4029
bus_3314,-852,4136
bus_2120,735,-2765
starbus_xf_2077_2205_2347_1,-409,-3284
bus_3651,721,2854
bus_5023,1281,-6229
bus_2229,994,-2933
bus_1317,816,-2090
bus_3038,-1716,4891
bus_5080,1233,-6112
bus_5018,860,-5378
starbus_xf_4257_4379_4434_3,-2063,-3911
bus_2033,1313,-4240
bus_2312,1064,-4051
bus_5207,1425,-6195
bus_1385,2167,2176
bus_2086,861,-4054
starbus_xf_3333_3336_3335_1,-26,3018
bus_2272,900,-4187
bus_3474,-1309,2283
bus_4408,-3396,-1813
bus_1597,-1096,1993
bus_1130,734,-379
bus_4433,-2221,-3419
starbus_xf_1617_1027_1619_2,2829,2850
bus_3215,-1170,6962
bus_4203,-3043,-1564
bus_4367,-2963,-1268
bus_1075,1455,-1491
bus_3056,-996,2948
bus_4430,-1942,-3404
bus_3134,-1006,2471
bus_4274,-2439,-3222
bus_3233,-1195,4623
bus_2268,10,-3687
bus_4254,-2249,-3731
bus_4457,-2087,-2335
bus_5182,569,-5783
bus_1345,708,82
bus_1205,141,-289
starbus_xf_1148_1073_1074_1,1369,-1490
bus_4241,-2313,-2476
bus_3141,-1145,6756
bus_3019,-763,4172
bus_1356,1264,1484
bus_3357,-274,3142
bus_4317,-1644,-2907
bus_1151,1130,-1867
bus_2005,172,-4271
bus_3021,-1296,4156
bus_4393,-942,-2695
bus_3439,377,3571
bus_4417,-2522,-2247
bus_1616,2815,2889
bus_3125,-1373,2400
bus_5010,1046,-5556
bus_3011,-1396,4072
bus_1575,1044,-449
bus_2011,-3,-3934
bus_4162,-3933,-1814
bus_4190,-2378,-1162
bus_1343,1480,-358
bus_2094,965,-4006
bus_1615,2611,-1775
bus_3156,571,4159
bus_4442,-2244,-3630
bus_3500,-139,3745
bus_1313,173,819
