name,bus_index,pd,qd,year_added
bus4,4,0.166163028239322,-0.031745831324125,2025
bus1177,1177,0.0812379078197296,0.0559382351775096,2025
bus1737,1737,0.0552632953883134,0.0234216077063136,2025
bus1711,1711,0.0036337567058045,0.0030070568620448,2025
bus1361,1361,0.0955449854564809,0.0097348998532371,2025
bus1099,1099,0.0064148447953273,0.0016477093522507,2025
bus514,514,0.0520298631402302,-0.0028641622958499,2025
bus771,771,0.041667279539909,0.013126846953725,2025
bus430,430,0.2294223970653001,0.0747440549152567,2025
bus511,511,0.1428754268863792,-0.0082390767440214,2025
bus683,683,3.899861749700225,0.3854686641982092,2025
bus1372,1372,0.0412286795214226,0.0060051078838081,2025
bus51,51,0.0539967523243049,0.0124367304907665,2025
bus458,458,0.4830364252449356,0.1385004256618036,2025
bus957,957,0.0271687502178753,-0.0126332867421608,2025
bus46,46,0.0005066646923128,0.0005155327847585,2025
bus354,354,0.3710309467477952,0.1187939200131176,2025
bus1278,1278,0.000581216184117,-0.0095886761563188,2025
bus1882,1882,0.0050811473619359,0.0025291024405173,2025
bus1957,1957,0.0897787933446111,0.032213227211781,2025
bus1802,1802,0.0254130556628346,0.0062094257097986,2025
bus583,583,0.0196476933847517,0.0019278161605877,2025
bus75,75,0.0386693429479767,-0.0020846079429132,2025
bus1858,1858,0.0956093364505265,0.0463274220389721,2025
bus237,237,0.0059241383175891,0.0056927959575798,2025
bus1746,1746,0.0266933607220032,0.0011239176847043,2025
bus870,870,1.127724702106353,0.2871584791825863,2025
bus69,69,1.0404928267353415,0.2115162238941602,2025
bus295,295,0.1937800806338777,0.0848445458318516,2025
bus1350,1350,0.1397349355455552,0.0481480685278546,2025
bus116,116,-0.0061651369549059,0.0362831757582101,2025
bus747,747,-0.7012377603734716,0.0,2025
bus34,34,0.3770469600664902,0.1320415828142017,2025
bus551,551,2.224654157682024,0.3246735750132634,2025
bus384,384,0.0380506721560221,-0.3629137765478143,2025
bus772,772,0.1010970831585933,0.0031671762197756,2025
bus851,851,0.0099756794700056,0.0042956887365171,2025
bus1253,1253,0.6969815680628131,0.2265047487967096,2025
bus786,786,0.0037203349856807,0.0064656852660706,2025
bus1488,1488,0.0076636793196093,-0.0093597734460673,2025
bus1998,1998,0.1071189282301477,0.0466582913623031,2025
bus1360,1360,0.0164908188069423,0.0065069275641482,2025
bus30,30,0.0002322042512465,0.0002200667320034,2025
bus369,369,0.1952150323313574,-0.0053677574465802,2025
bus1383,1383,0.4830064340492832,0.037303538467177,2025
bus1445,1445,0.0055964667509077,0.0075368166994794,2025
bus202,202,0.4963238542635579,0.101830640616173,2025
bus1037,1037,0.1708414519798785,0.0741400792114855,2025
bus1148,1148,0.0042242054654777,-0.0205747378528008,2025
bus591,591,0.1499493795919956,0.0242863999601012,2025
bus37,37,0.0213896288044831,0.0014845286578751,2025
bus1506,1506,0.0140043468999054,0.0145750450791575,2025
bus442,442,0.0002113800678674,0.0002260102118984,2025
bus921,921,0.0716158002400895,-0.0143091210266261,2025
bus632,632,0.0069170693260287,0.0005776441088693,2025
bus1720,1720,0.0451969042734338,0.0105949723654289,2025
bus43,43,0.1577159119262951,0.1839386675948199,2025
bus178,178,0.0834044151460863,0.015735281639785,2025
bus552,552,0.0250687037040275,0.0076680346929697,2025
bus1329,1329,0.0389864804787848,0.0100406105430622,2025
bus1907,1907,0.1166370737102968,0.0910934384318638,2025
bus1270,1270,0.1057372040676732,0.0,2025
bus1912,1912,0.2359658176379322,0.0341801009458442,2025
bus1231,1231,0.0412327658795681,0.0014173401845384,2025
bus8,8,0.0192406442842719,0.0033314309520215,2025
bus170,170,0.1077659669832176,0.0048111609229595,2025
bus1657,1657,0.0042073253571372,0.0017859355229023,2025
bus694,694,0.0568141439337578,0.0397466004627423,2025
bus1566,1566,0.0006906907587797,-0.0011155075898852,2025
bus254,254,0.0224077074513,0.0351742520506418,2025
bus1119,1119,0.023913987862518,0.0149616418030933,2025
bus1871,1871,0.0208649277271498,0.0088216170037648,2025
bus399,399,0.2283600331502694,0.0244717385233955,2025
bus415,415,0.0291021524681229,0.0086064119206617,2025
bus1965,1965,0.0025105881703829,0.0024763506234527,2025
bus1262,1262,0.0131633325382867,0.0049145481047602,2025
bus1401,1401,0.054791438946848,0.0172026919844769,2025
bus572,572,0.0003570043596152,-0.0113502076764161,2025
bus1089,1089,0.1753776260511483,-0.3120273640116999,2025
bus1425,1425,1.0030444819249893,0.2755960603874909,2025
bus806,806,0.0496880434441411,0.0095080459054198,2025
bus1226,1226,0.1986217197532596,0.0331340648503436,2025
bus1433,1433,0.0010394488745133,0.0010592267385494,2025
bus899,899,0.0452020253336057,0.0339393520362961,2025
bus490,490,0.0005518170474639,-0.0044512217138889,2025
bus1272,1272,0.0361342169013732,0.0205337379799202,2025
bus455,455,0.0443642525134609,0.0062043011108127,2025
bus346,346,0.0989496756193213,0.0634725105833581,2025
bus1772,1772,0.0007017826253316,-0.0009352043937489,2025
bus1758,1758,0.0032711320123849,0.0,2025
bus119,119,0.0351431458187225,0.0122459358980586,2025
bus366,366,2.5003693372001377e-05,0.0,2025
bus1923,1923,0.2638737454245701,0.0942175582796106,2025
bus1946,1946,0.0085595176401916,0.0009924451899544,2025
bus450,450,0.0888283397023554,0.0031534936538821,2025
bus1441,1441,0.0165300536797637,0.000577010621177,2025
bus981,981,0.1038991576102157,0.0139957496963845,2025
bus1703,1703,0.0935188024470289,0.0651436156251763,2025
bus625,625,0.0309523477610884,-0.0059615428174573,2025
bus1635,1635,0.0004378811630872,0.0004303885425359,2025
bus1589,1589,0.0046279402048225,0.0034041070469778,2025
bus1814,1814,0.1061632532372608,0.0400947347126607,2025
bus1331,1331,1.1269713628906102,0.1846770302918681,2025
bus128,128,0.3408778502559106,0.0526416491806504,2025
bus565,565,0.0111416062224077,-0.0025832761715774,2025
bus1844,1844,0.5338462762609972,0.1335728975789968,2025
bus892,892,0.0385319490747002,0.0101189466640318,2025
bus1038,1038,0.0209341040624603,0.0009365327260668,2025
bus1379,1379,0.1089901957438958,0.0312996446516593,2025
bus117,117,0.2472000978820569,0.0894663452410699,2025
bus1199,1199,0.3352798839737748,0.0495191321990139,2025
bus1002,1002,0.0058405809875841,0.001679041586382,2025
bus1606,1606,0.0246065485165188,-0.0512935508119723,2025
bus605,605,0.1561710898789932,0.0286561734732913,2025
bus230,230,0.0858270144781242,-0.0092220588032401,2025
bus997,997,0.2997242442012161,0.0303745559842737,2025
bus1096,1096,0.1894857160997348,0.1119563819830689,2025
bus1863,1863,0.0082870097378981,-0.00160910468146,2025
bus1316,1316,0.0010615777990302,-0.0296856502125755,2025
bus1333,1333,0.0739588627708097,0.0165365049427335,2025
bus660,660,0.0169205194491658,0.0084054681817864,2025
bus479,479,-0.5311417208730695,0.0,2025
bus1063,1063,0.0065332251020942,-0.0359353351087509,2025
bus834,834,0.4388052879138909,0.2263477636910226,2025
bus606,606,1.0796619031510408,0.2418929391671385,2025
bus486,486,0.0002653572525596,0.0002676141201732,2025
bus1009,1009,0.0004976740622575,0.000517615521824,2025
bus976,976,0.2668672831394073,0.0563328513058784,2025
bus338,338,0.3127310962836404,0.0823268549747875,2025
bus1520,1520,0.0023232337968663,-0.002324780782929,2025
bus101,101,0.1421071511060381,0.0790632515576148,2025
bus10,10,0.0141960843759859,0.0076146859182021,2025
bus439,439,0.0057159592305156,0.0026791728365853,2025
bus191,191,0.418545836764113,-0.0105772276439114,2025
bus1574,1574,0.0003338917903518,-0.0588154272846671,2025
bus924,924,0.1029349831109838,0.0253081034803139,2025
bus1645,1645,0.0209372263202842,0.0088376511551515,2025
bus453,453,0.0274855149680345,0.0079234489995969,2025
bus707,707,0.0083889078954584,0.005364553007037,2025
bus727,727,0.0093323247251346,-0.1076098631109742,2025
bus1024,1024,0.0062578466343666,-0.0089903693754481,2025
bus1044,1044,0.0001696235420355,-0.0005328224256622,2025
bus858,858,0.1207733509779199,0.0285192572772106,2025
bus1665,1665,0.3254903567809079,0.1003757832394893,2025
bus1854,1854,0.1102588818347675,-0.0302893771708968,2025
bus1478,1478,0.0019986875332929,0.0020195532816489,2025
bus148,148,0.0086499326080247,0.0033486842433495,2025
bus1384,1384,0.5815797838382095,0.0603963259300856,2025
bus1625,1625,0.0077929710231134,-0.0056216877862082,2025
bus608,608,0.0347200440562653,0.0406146398764314,2025
bus12,12,0.5899473539216006,0.2609088008861175,2025
bus1007,1007,0.0348058560195062,0.0081163343263173,2025
bus1779,1779,0.4558577158180709,0.0196682879431381,2025
bus1795,1795,0.0032166990519013,-0.0803810399757491,2025
bus273,273,0.0023572731498066,0.0,2025
bus206,206,0.0065864721723779,0.0021120607067493,2025
bus1061,1061,0.0120051902211784,0.0185866402205911,2025
bus1975,1975,0.0264956577505896,-0.00102238165656,2025
bus388,388,0.0009743290479117,0.0137985084665983,2025
bus1374,1374,0.0007131703324754,-0.0042009315424581,2025
bus779,779,0.0907162865094477,0.0183222256558951,2025
bus826,826,0.0893773228569837,0.0425437930997899,2025
bus203,203,0.3548121446749245,0.1500327876696743,2025
bus1818,1818,0.2455627079673096,0.0399986731377191,2025
bus533,533,0.0029294146732847,-0.01301123390776,2025
bus293,293,0.3217465869418973,0.1158786962313704,2025
bus1866,1866,-1.3801990732493938,0.0,2025
bus324,324,0.0741571045080184,0.0552655369498915,2025
bus1809,1809,0.0776390192356998,0.0316698149025606,2025
bus435,435,0.1076700950517575,0.0012612070085777,2025
bus1165,1165,0.0287332563154798,0.0032959470791535,2025
bus1139,1139,1.330852576055748,0.3768579437751145,2025
bus1410,1410,0.0001557400644024,0.0001532921608792,2025
bus883,883,0.0096965835203126,0.0026430687812753,2025
bus1701,1701,0.0996284650588442,0.0462375458932648,2025
bus252,252,0.0082631433171641,0.0040986839434813,2025
bus880,880,0.0160836801541635,-0.0015387407947501,2025
bus546,546,4.390230002815858,0.9192010276056486,2025
bus1036,1036,0.0150537841418569,0.01281472910636,2025
bus60,60,0.2714757450500096,0.2052373602910767,2025
bus1733,1733,0.0649409835702787,0.009016570186362,2025
bus1255,1255,0.2073847304509629,-0.0003246316007902,2025
bus859,859,0.1104634935447771,0.0423340439108422,2025
bus1159,1159,0.1193268172004124,0.0275253622628212,2025
bus1571,1571,0.1389315766322952,0.0,2025
bus1108,1108,0.2659423857177644,0.0467641493903222,2025
bus1131,1131,0.476279842607315,0.0,2025
bus1386,1386,0.0004872557908667,0.0005047377839311,2025
bus873,873,0.000715283822616,-0.0123324931320791,2025
bus1950,1950,1.629159178122927,0.3247748438882422,2025
bus852,852,0.0066611688197588,-0.0583661138582957,2025
bus1777,1777,0.2309372642037576,0.0592360661876676,2025
bus1302,1302,0.1770978579693091,0.0783294048551441,2025
bus85,85,0.146902518186274,0.0427625540910448,2025
bus376,376,0.025951867066232,0.0126777320416043,2025
bus426,426,0.3707216826425994,0.087819713458754,2025
bus982,982,0.8316164575416132,0.3333850747159819,2025
bus200,200,0.0519194197082721,-0.0066520310279593,2025
bus662,662,0.0012906539458168,0.0008048694649003,2025
bus155,155,0.0360136836127819,0.0117394187175191,2025
bus171,171,0.0127602790167924,0.0055852909875923,2025
bus1984,1984,0.383938495845735,0.1176915349671364,2025
bus167,167,0.0356976050620576,0.0102791817913405,2025
bus1136,1136,0.0894503560616382,0.0065501360662934,2025
bus979,979,0.2174524057580696,0.0422503307896344,2025
bus903,903,0.0997864428029005,0.0501424706824244,2025
bus1207,1207,0.1102595188031301,0.0216083232348935,2025
bus1304,1304,0.0491442530662701,0.0044495451722506,2025
bus19,19,0.2074864344265594,0.0670645237757258,2025
bus131,131,0.1372319551082556,0.0530850320056435,2025
bus192,192,0.059138714164996,0.0310405324293623,2025
bus345,345,0.0324436581245029,0.0390580867337673,2025
bus1115,1115,0.0003789559901486,0.0003724040753629,2025
bus1612,1612,0.8581634422990873,0.1029764392908355,2025
bus491,491,0.226469750637372,-0.0350231835494806,2025
bus45,45,0.0038204807699586,0.0,2025
bus1925,1925,0.0075091951350096,0.009856086777416,2025
bus889,889,0.0127577876388536,0.0043060071426725,2025
bus753,753,0.0113207631232708,0.0078605067143282,2025
bus1889,1889,0.199684981100342,0.1072976067672746,2025
bus1561,1561,-0.6304176135900106,0.0,2025
bus1098,1098,0.685403591475849,0.2306707218585582,2025
bus1133,1133,0.1018234867906043,0.0007933403325688,2025
bus1922,1922,0.0244418782816998,0.0046774499157896,2025
bus153,153,0.1276353203237732,0.0711946499013582,2025
bus1886,1886,0.086986902798271,0.0085476971984445,2025
bus1495,1495,0.0239773046443718,0.007853110557217,2025
bus1060,1060,0.2126503943063448,0.0158909135738303,2025
bus1187,1187,0.1539263353356547,0.0382101693727568,2025
bus1692,1692,0.000270900069891,0.0002811195601507,2025
bus320,320,0.2360571862545791,0.0218697398238461,2025
bus71,71,0.0025843761414362,0.0010656836644231,2025
bus823,823,0.2588576295110994,0.0456405093776391,2025
bus524,524,0.0558871201874263,0.0114337482142104,2025
bus943,943,0.0378171473408704,-0.0176152200082985,2025
bus114,114,0.3627786648292534,0.1256972083027897,2025
bus1607,1607,0.1006320145367133,0.0215454453890863,2025
bus217,217,1.0862308792499056,0.1959078068060973,2025
bus1752,1752,0.3178118992651125,0.0629276870095693,2025
bus1586,1586,0.0423402327783088,0.0092992758471467,2025
bus775,775,0.4697531557765297,0.1330778864551665,2025
bus1412,1412,0.0244305863344253,0.0132142932047676,2025
bus371,371,0.0003152301097428,-0.0065405150903173,2025
bus923,923,0.0003217259349218,-0.0044885711979841,2025
bus618,618,0.6569990314042354,0.1213326013490464,2025
bus1067,1067,0.0499483368731021,0.0290909955805484,2025
bus1032,1032,0.0005111439121475,0.0005261464117184,2025
bus1940,1940,0.1866101633564736,0.1140926889877687,2025
bus189,189,0.9458959503044332,0.2777827574213078,2025
bus1646,1646,0.3493975158165752,0.0824874101317012,2025
bus164,164,0.1318513133925395,0.027483124838322,2025
bus1356,1356,0.1207541352704364,0.0555771065782252,2025
bus1028,1028,0.3587876198824388,0.0584266718191766,2025
bus895,895,1.005631908067382,0.1973347788063764,2025
bus1398,1398,0.0095421055105837,0.0017253445140286,2025
bus1029,1029,0.381902420781198,0.0996051796425886,2025
bus1989,1989,2.251184924449212,0.0272498793098219,2025
bus1340,1340,1.5882476351979726,1.1464730429418957,2025
bus1422,1422,0.7281532990060414,0.2281848931367841,2025
bus84,84,0.0493611376908971,0.0099611728320397,2025
bus1962,1962,0.0155136681781877,0.0081831511955592,2025
bus1201,1201,0.2486490107203822,0.0045058452834482,2025
bus1368,1368,0.0135012769297032,0.005210460110078,2025
bus1565,1565,0.0071797364589572,0.0789936677300444,2025
bus1354,1354,0.1585196927681225,0.1189550173045304,2025
bus1465,1465,0.0167102245206937,0.0057501949034293,2025
bus1185,1185,0.0086336622509212,0.001041958112307,2025
bus23,23,0.0122278589781351,0.0051448640203766,2025
bus27,27,0.2778812288910158,0.0536155410056752,2025
bus434,434,0.0499398609206831,-0.0046633374733283,2025
bus1257,1257,0.0655928660605177,0.0178381436843725,2025
bus838,838,0.5851739387871658,0.1392134597176274,2025
bus959,959,0.0007068533670392,0.0004037995610457,2025
bus1543,1543,0.2508415077041404,0.0379530832424764,2025
bus978,978,0.0599465590032309,0.0069261552321911,2025
bus1220,1220,0.3263176456137736,0.0354528346469367,2025
bus1675,1675,-0.0487385845515618,0.0,2025
bus1378,1378,0.0442605048139148,0.0024721439862328,2025
bus1641,1641,0.0151104926933216,0.0058728380295361,2025
bus405,405,0.808160094137196,0.19742283274715,2025
bus1988,1988,0.1310687713831844,0.0177555714733765,2025
bus1726,1726,0.0547172459387223,0.0097128632073528,2025
bus543,543,0.0599069302411955,0.0136459412875942,2025
bus1997,1997,0.0216994478387114,0.0056955330246331,2025
bus1639,1639,0.0158955579094455,0.0,2025
bus1954,1954,0.0642937035684914,-0.0082834391145241,2025
bus1095,1095,0.2759924093784471,0.1274345660802022,2025
bus1191,1191,0.044858059518222,0.0022548515593865,2025
bus1041,1041,0.0037666565076639,0.0033191835418981,2025
bus1546,1546,0.3614508171549941,0.1625795000349814,2025
bus1648,1648,0.2357797146297291,0.0794553782730616,2025
bus1498,1498,0.0046715050185798,-0.0066098772122269,2025
bus92,92,0.0689617219223212,0.0366734013658004,2025
bus998,998,0.1490807280251158,-0.0030467974566971,2025
bus1194,1194,0.0897537048290218,0.0296852935596058,2025
bus1913,1913,0.0003634294645235,0.000365513441621,2025
bus1006,1006,0.0015944519483536,0.0,2025
bus227,227,0.0058513117633461,0.0015221980151887,2025
bus1238,1238,0.002058575379097,0.0011050882657317,2025
bus918,918,0.0070896662260847,-0.0044959036126299,2025
bus1544,1544,0.0,-0.0816446718141435,2025
bus1073,1073,0.0727312927991191,-0.0003408709096913,2025
bus1616,1616,1.6872981298726035,0.3759336725331911,2025
bus1647,1647,0.12576783619237,0.0,2025
bus682,682,0.1416571984479078,0.0396790166135544,2025
bus904,904,0.0204465887192603,-0.0014193629047825,2025
bus1603,1603,0.0243342612066331,0.0084986258436083,2025
bus1713,1713,0.0085919966574215,-0.0033134224578136,2025
bus1402,1402,0.0437987519714846,0.0362458001169011,2025
bus1404,1404,0.3502701056350841,0.0395659534927878,2025
bus102,102,0.2302160102631638,0.034643826571759,2025
bus1193,1193,0.283623852249785,0.0952334464001224,2025
bus361,361,0.082476475405546,-0.1028577573833786,2025
bus130,130,0.0373763829242008,0.0315746846722128,2025
bus194,194,0.0329814399723022,-0.0917478876513949,2025
bus481,481,0.1479368528157733,-0.0069847373666512,2025
bus1309,1309,0.0135925070825524,0.0030435340514823,2025
bus1724,1724,0.0031889943516781,0.0022059359302725,2025
bus1503,1503,0.062473781147893,0.0033535044665792,2025
bus1796,1796,0.587319395556186,0.4175546575332194,2025
bus1598,1598,0.0010590374988284,0.0007348699222199,2025
bus1230,1230,0.0122823675063758,-0.0907242328930244,2025
bus629,629,0.0043924657634226,-0.0037546631058492,2025
bus1825,1825,0.0740520443696845,0.0246486183495427,2025
bus1976,1976,0.0203647162561982,-0.0002510813310363,2025
bus1161,1161,0.3015421499257354,0.1110945838151211,2025
bus659,659,-0.0179784615027403,0.0232408474246277,2025
bus1042,1042,0.1255498667343211,0.0409990750552808,2025
bus1049,1049,0.0988529065403201,0.0453185842601365,2025
bus1467,1467,0.0106707611401502,0.0073948974818356,2025
bus1723,1723,0.268443665546212,0.0847708568647852,2025
bus700,700,0.0075686032950431,0.0013643922531384,2025
bus235,235,-1.7227126213429034,0.0,2025
bus1373,1373,0.1650366098124864,0.0311772512602282,2025
bus522,522,0.207546225755211,0.0377820839803851,2025
bus891,891,0.0032631622047136,-0.0003742321468455,2025
bus387,387,0.0107968487834785,0.0018595952775869,2025
bus529,529,0.0006892497446272,0.0004044605621472,2025
bus1769,1769,0.0010061408733403,-0.028099849945096,2025
bus284,284,0.0020213262476165,0.0010558644739445,2025
bus1323,1323,0.5025542651168025,0.1536354256283493,2025
bus1983,1983,0.0083671697187389,0.0034438367072654,2025
bus1599,1599,0.1044851469312379,0.0386148523110606,2025
bus232,232,0.0256933372743667,0.001881706750735,2025
bus213,213,0.0898979624510709,-0.0095984755716382,2025
bus1357,1357,-0.0647538607545262,0.0,2025
bus94,94,0.0449170141893551,0.0341486076040176,2025
bus1203,1203,0.6694302148298158,0.1548659471397345,2025
bus1011,1011,0.1151713048700692,-0.1785277368373148,2025
bus1636,1636,-0.7416686799256305,0.0,2025
bus329,329,0.1140212562512998,0.0931157126812637,2025
bus323,323,0.3689907387082783,0.1205152989505586,2025
bus1637,1637,0.0466113064640722,0.0323556395339755,2025
bus1033,1033,0.0049401194593774,0.0025148130891298,2025
bus787,787,0.1814926092779317,0.0217206307472857,2025
bus407,407,0.2474341712029457,0.1749186053229928,2025
bus292,292,0.0499185190965314,0.0349570606564689,2025
bus601,601,0.0136513013526563,0.0035026541088933,2025
bus100,100,0.8264564950174436,0.2479366360922894,2025
bus1352,1352,0.1452699992657269,0.0572794301479611,2025
bus944,944,0.0095112182234461,0.0077725917181842,2025
bus65,65,0.5093319801708764,0.1767988167742455,2025
bus932,932,0.000677578511959,0.0005744336615769,2025
bus773,773,3.138916806646248,-0.0730542415999869,2025
bus6,6,0.0118394310354289,0.005161909119731,2025
bus417,417,0.5456465642719965,0.3469535044570641,2025
bus1659,1659,0.010050636314465,0.0042396582068157,2025
bus108,108,0.0348608666313974,0.0162214241772345,2025
bus1867,1867,0.2172048049336609,0.0608318158784408,2025
bus305,305,0.0992157358708186,0.0431668235116296,2025
bus785,785,0.4021947641160339,0.1353558502842646,2025
bus641,641,0.0898588250412058,0.0267709940078835,2025
bus1650,1650,0.1474410158555164,0.0383257452800054,2025
bus489,489,0.3437879532803179,0.093908217241361,2025
bus1381,1381,0.006473509063956,0.0029614712024254,2025
bus1414,1414,0.2118563373676138,-0.0034391239870657,2025
bus1924,1924,0.0607643717804542,0.0341625459773133,2025
bus1838,1838,0.2522101560625222,0.0562947437424171,2025
bus1845,1845,0.0484888958727692,0.0350726492569273,2025
bus539,539,0.023546285896919,0.0054473653825918,2025
bus1584,1584,0.5849968218163427,0.4412304410336799,2025
bus963,963,0.0424485556233263,0.0010312993790518,2025
bus1592,1592,0.2028409134316777,0.0472698096176919,2025
bus72,72,0.0537097357462477,0.0251852388457866,2025
bus1525,1525,0.0135329721595053,0.0076681391057287,2025
bus1663,1663,0.0067823022531492,0.0034376823151253,2025
bus1365,1365,0.0002413047089479,0.000243290810502,2025
bus1736,1736,0.039701324180823,0.0100894597443608,2025
bus1504,1504,0.0584922477518265,0.021641458248397,2025
bus624,624,0.0272573679122175,0.0087880604974776,2025
bus13,13,0.1210709622538016,0.0422949218133902,2025
bus1764,1764,0.0061190380782715,0.0023384122665854,2025
bus437,437,0.0332095355796943,-0.0116198167981841,2025
bus304,304,1.8131268746732685,0.3424621817601791,2025
bus1875,1875,0.163684137203102,0.0878219853079582,2025
bus477,477,0.0636080871569634,0.0160313733680014,2025
bus1994,1994,0.1776576581973467,0.1010446358662913,2025
bus867,867,0.0006740400545481,-0.0018813396201521,2025
bus473,473,0.1546802759935601,-0.0099255335022504,2025
bus1514,1514,0.1838935797673493,0.0449418195430916,2025
bus255,255,0.1278157998007684,0.0429183188005476,2025
bus653,653,0.0343823352577947,0.0050747674888022,2025
bus1157,1157,0.0272588156095331,0.0039116425775341,2025
bus1800,1800,-0.063734461970423,0.0,2025
bus977,977,0.1164641037650446,0.0083944462797799,2025
bus1982,1982,0.0449687876279172,0.0154759282534499,2025
bus1237,1237,0.5011118608217857,0.1059858431806645,2025
bus1527,1527,0.8165242693779231,0.2857621122302007,2025
bus691,691,-0.1273753532427856,0.0,2025
bus1728,1728,0.0435461496742331,0.0211208074298169,2025
bus35,35,0.3979023496788726,0.1042635430730429,2025
bus1767,1767,0.1594617408660875,-0.0162503206437979,2025
bus1782,1782,0.0210093249090497,0.0105156837740294,2025
bus1163,1163,0.1894979397401849,0.1691334957914196,2025
bus166,166,0.002433664009866,0.0,2025
bus887,887,0.2375234319153882,0.0448686545877122,2025
bus161,161,0.0323499525599638,0.0249233442482054,2025
bus67,67,0.071016259859934,0.0007108809921352,2025
bus109,109,0.1019379305223689,0.0302903952930143,2025
bus266,266,0.3872756417170049,0.1426633460535663,2025
bus910,910,0.0650464403732691,0.0720957734457788,2025
bus1140,1140,0.0869813356211734,0.0427704518264775,2025
bus120,120,0.8006397461842503,0.2180871880082075,2025
bus367,367,0.0125016427110007,0.0047074154408042,2025
bus1435,1435,0.290730536227283,0.1166703874772583,2025
bus644,644,2.415003782004769,0.7267567928236796,2025
bus720,720,0.1733713156289649,0.0743972584384601,2025
bus1448,1448,0.0674464564876454,0.0750075665766703,2025
bus1668,1668,0.1620879289262267,0.1020578034248795,2025
bus1995,1995,0.0131065826944954,-0.0011916333162062,2025
bus212,212,1.536541406245011,0.2068591239501991,2025
bus1001,1001,0.39054294033201,0.0465505823219428,2025
bus658,658,0.0612836663514459,-0.0028055603083564,2025
bus993,993,0.0089716844159804,0.0018809823381701,2025
bus940,940,0.9458146818471624,0.120386196158497,2025
bus1456,1456,0.9641074259026476,0.2044211599748536,2025
bus181,181,0.0100200069990741,0.0035797168651239,2025
bus754,754,-0.0404247433453035,0.0,2025
bus224,224,-0.0738951993858294,0.0,2025
bus609,609,0.2965457193049798,0.1120065457084454,2025
bus420,420,0.0052117697802874,0.0017896713183363,2025
bus946,946,-0.048126690063895,0.0,2025
bus1405,1405,0.307705361809813,0.0483824451678394,2025
bus816,816,-0.3874177567783942,0.0,2025
bus433,433,0.0112568868683873,-0.0009853720204563,2025
bus1783,1783,0.6457358415094696,0.1665202806349244,2025
bus695,695,0.6669956383300649,0.2422551762856734,2025
bus1324,1324,0.1533804154752523,0.062937715922369,2025
bus965,965,0.0617946929302095,0.0084109777462379,2025
bus1613,1613,0.0790472099716323,0.0061104156789631,2025
bus1877,1877,0.0794938835711615,0.0286241163921383,2025
bus1791,1791,0.1259535665526268,0.0178665900886669,2025
bus1848,1848,0.1789005951364874,0.0660590611143588,2025
bus33,33,0.0703739092706544,0.0503241673828819,2025
bus76,76,0.0072401899300293,0.0001249493291049,2025
bus278,278,0.2231898378851615,0.0683299671166638,2025
bus1794,1794,0.0247298749609922,0.0103581206913611,2025
bus1303,1303,0.2324582669926884,-0.0152396747966482,2025
bus299,299,0.2574709107313767,0.0573209429057601,2025
bus1501,1501,0.2147546573708219,0.0520243479543641,2025
bus869,869,0.2886411074396328,0.1025407741720896,2025
bus79,79,1.244721114505443,-0.08971337495242,2025
bus135,135,0.0008983413568361,-0.0114840411958842,2025
bus1064,1064,0.0849133172288036,0.0449845620272397,2025
bus1353,1353,0.0050447848946241,0.0,2025
bus1020,1020,0.0836262818975027,0.002479021288744,2025
bus850,850,0.013490270073667,-0.0697234783828725,2025
bus1570,1570,0.1972835809370059,0.1199197855313713,2025
bus1392,1392,0.0055224123370987,0.0014168526141741,2025
bus1132,1132,0.0759138128791849,-0.0277454675469424,2025
bus756,756,0.0275707949325257,0.0013121896920922,2025
bus1229,1229,0.0047286115081797,0.0021967320110251,2025
bus1351,1351,0.0651370358682898,0.003347767463793,2025
bus1053,1053,1.0303887696259904,0.1951909588200872,2025
bus1585,1585,0.0595102637802736,-0.0599437843878898,2025
bus665,665,5.010703784119619,1.9047605818417817,2025
bus574,574,0.3168275611667568,0.1364440456236329,2025
bus841,841,0.3561277243201166,0.1125542734687075,2025
bus121,121,0.0182203218062271,0.0044880451373271,2025
bus418,418,0.7685976961744205,0.039036207742354,2025
bus955,955,0.0487981428459231,-0.009005926814747,2025
bus676,676,0.2408401749908862,0.0997172753809843,2025
bus969,969,0.1417889835069284,0.0,2025
bus1158,1158,0.0205156709523458,0.0127747607260991,2025
bus817,817,0.1251941495529766,0.0027422865525825,2025
bus1509,1509,0.1923268360111688,0.0465235059497675,2025
bus1521,1521,0.002365399226788,0.0010636846973844,2025
bus579,579,0.1284443542533863,0.0378621065656328,2025
bus1932,1932,0.0013517637385092,0.0002734064705326,2025
bus1483,1483,0.4293691822300831,0.1977452790001301,2025
bus1045,1045,0.0747546588064905,0.0235057640663588,2025
bus1718,1718,0.0032752963902596,-0.0052758627324625,2025
bus277,277,0.0420097922989415,0.0007674578222163,2025
bus1945,1945,0.1435718197551487,0.0057267199666935,2025
bus1417,1417,0.0906072525387928,0.041723090209013,2025
bus1816,1816,0.032318069011676,0.0040074595840869,2025
bus400,400,0.0006409741569086,-2.212779260781956e-05,2025
bus585,585,0.1704400523119996,0.0488900506705714,2025
bus1951,1951,0.1133544021921632,0.0250245180031807,2025
bus1739,1739,-0.0642849516775826,0.0,2025
bus1542,1542,0.0624303713633385,0.0164995576335266,2025
bus550,550,0.0224546086479272,-0.0002149283258119,2025
bus1649,1649,0.0002117505147584,0.00021640626272,2025
bus912,912,0.3269558848453818,0.0748840907948491,2025
bus1843,1843,0.0108056760895266,-0.0015815767572634,2025
bus596,596,0.7759539441909695,0.2609554455725922,2025
bus1104,1104,1.777439022825126,0.3095854166780726,2025
bus1516,1516,0.036218668472744,0.0108615867766323,2025
bus1642,1642,0.2357416458209332,0.070484533227656,2025
bus70,70,0.1174823130571871,0.0044358668804247,2025
bus287,287,0.0004613568328171,-0.0330242528362872,2025
bus853,853,0.1444039478674842,0.0416452649489733,2025
bus1534,1534,0.0053666221036528,-0.0542213582064873,2025
bus1103,1103,0.2470151291961454,0.0664680219466028,2025
bus1265,1265,0.9377186509007944,0.2800212493324177,2025
bus1969,1969,0.0041773555675549,0.0011545328788336,2025
bus1693,1693,0.1012391693380184,0.0709777509128019,2025
bus300,300,0.1092724850991875,-0.0065228089927491,2025
bus1827,1827,0.146422261484665,0.0957022745268488,2025
bus951,951,0.1498878736246849,0.0413028460282063,2025
bus1077,1077,0.0368277245449512,0.0235383007409403,2025
bus1252,1252,0.2639674484330606,0.1046719426522961,2025
bus57,57,0.0089114265653486,0.0068346688853517,2025
bus1936,1936,0.137511125200747,-0.0432985376132812,2025
bus1130,1130,0.2229830674697375,0.1565825130742402,2025
bus1908,1908,0.1501158878147008,0.0573527817147775,2025
bus971,971,0.2916599790320612,0.0557605006103499,2025
bus1577,1577,0.0252013081780482,0.0085451059716536,2025
bus1457,1457,0.321916579285175,0.0053724827016546,2025
bus1781,1781,0.0859691447822681,0.0134140914769487,2025
bus265,265,0.0415611644140074,-0.0289671247742744,2025
bus187,187,0.0655447855770655,0.0141731712188978,2025
bus588,588,0.438306132356641,0.1575610770064625,2025
bus401,401,0.0307817792402084,0.0087281828401973,2025
bus190,190,0.0268482400230315,0.0070054111518895,2025
bus1105,1105,0.9346302593058056,0.1832188476127776,2025
bus438,438,0.8554251627234193,0.2268599040837458,2025
bus1008,1008,0.0304701029897704,0.015192348110517,2025
bus1284,1284,0.1427512162272203,0.0554946776605884,2025
bus454,454,0.0930786577192406,0.0250934141294033,2025
bus1471,1471,0.0746085441925269,0.0281926400095484,2025
bus321,321,0.881327063625606,0.2419828964783562,2025
bus590,590,0.0091444584052249,0.0031244852869544,2025
bus674,674,0.0261115235897826,0.0097986754535945,2025
bus168,168,0.1190677391436973,0.0228933850524581,2025
bus846,846,0.0011161673297813,0.0010384398044229,2025
bus962,962,0.2162972396330922,-0.2046827985275881,2025
bus990,990,0.0157705532170093,-0.0050008793017282,2025
bus1180,1180,0.0001607831565756,-0.0010697559048344,2025
bus757,757,0.4549188430030564,0.1159593322868917,2025
bus655,655,0.0059305059533729,0.0007078645979618,2025
bus1807,1807,0.6173729914576104,0.1237874443676197,2025
bus1315,1315,0.0440030535460111,0.0342839123377184,2025
bus1508,1508,0.0748756669950857,0.0128959944824401,2025
bus1987,1987,0.010086850891985,0.0,2025
bus32,32,0.0274273662940969,0.004326164285384,2025
bus1120,1120,0.182523066234322,0.0494447882946982,2025
bus1729,1729,0.245585180412819,0.194594942086923,2025
bus578,578,0.240286277183212,0.0294616969603885,2025
bus378,378,0.0912307089767487,0.001216059431751,2025
bus569,569,0.0468282942608984,0.0202352676422965,2025
bus144,144,0.04858501342081,-0.0084685983149776,2025
bus1200,1200,0.0211684174043773,-0.0004358189289357,2025
bus1474,1474,0.0715827865506686,-0.0360887478907031,2025
bus1869,1869,0.3856532855823255,-0.0208783092716615,2025
bus1955,1955,0.0121797285089309,0.0046781526104958,2025
bus163,163,-0.1676483795632918,0.0,2025
bus422,422,0.0039087202889923,-0.0112227408951944,2025
bus905,905,0.007876722153142,0.003433957764282,2025
bus222,222,0.1631270987115972,0.0563981823080262,2025
bus829,829,0.1409845756348511,0.0195980528835963,2025
bus1587,1587,0.000497016766266,-0.0025553040916197,2025
bus1911,1911,0.248029706162771,0.0802488409234359,2025
bus344,344,0.2018871419368965,0.0787736246140889,2025
bus113,113,0.6001452244832326,0.4442032489532744,2025
bus1459,1459,0.0014018741622717,0.001007905296268,2025
bus1290,1290,0.0517514009640953,0.0152952398083565,2025
bus236,236,0.0446003501852426,0.0077507075944843,2025
bus1602,1602,0.2553570375122516,0.0862323925701386,2025
bus196,196,0.0061368924926977,8.098357361693021e-05,2025
bus24,24,0.192837004707706,0.0794482342457342,2025
bus696,696,0.0634156260473051,0.0053185188637535,2025
bus1700,1700,0.1000512554849129,-0.0223291684674796,2025
bus1562,1562,1.0040998380214785,0.2985778616623226,2025
bus742,742,0.1067353372242736,0.0220805969312978,2025
bus129,129,0.051571166439832,0.0068553091409287,2025
bus1491,1491,0.0028553282705292,0.000998611636059,2025
bus1014,1014,0.0461694991101134,0.012651891162136,2025
bus1879,1879,0.2981816328421526,0.086158074409955,2025
bus902,902,0.4144109057316207,0.1600045963784247,2025
bus1416,1416,0.1698700719400333,0.0433159312728155,2025
bus1839,1839,0.0420702209832145,0.0399489568726191,2025
bus183,183,0.1675392345422371,0.0652686878062062,2025
bus1186,1186,0.8687055663197955,-0.035049690504057,2025
bus332,332,0.0496537621017686,0.035642701341783,2025
bus1996,1996,0.0046872037828189,0.0,2025
bus917,917,-0.5865112503452141,0.0,2025
bus554,554,0.217485841487229,0.0235704700111118,2025
bus1055,1055,0.1789007210867692,-0.1363261649684767,2025
bus1182,1182,0.0522404342410131,0.0,2025
bus1094,1094,0.0545087081503097,-0.0996552535132119,2025
bus610,610,0.042556805462441,-0.0256856423505609,2025
bus1480,1480,11.24983546898724,2.2833588352178795,2025
bus1564,1564,0.0646465758515601,-0.010195112399975,2025
bus1319,1319,0.0017817921297696,0.001892001112932,2025
bus1714,1714,0.0342663958787043,0.0084078402318225,2025
bus1830,1830,0.0110882646390498,0.002223310477247,2025
bus884,884,0.0108222018301532,0.0071000727996204,2025
bus423,423,0.5041279566703526,0.1486560065053029,2025
bus597,597,0.0018567934388389,0.002516976246291,2025
bus1092,1092,0.1412244114927754,0.084883713812091,2025
bus231,231,-0.0887494267768031,0.0,2025
bus220,220,-0.1234863497580816,0.0,2025
bus145,145,0.0069949083276027,0.0001165316580387,2025
bus650,650,0.0576793127706224,0.0086424567942359,2025
bus1921,1921,0.0006367537998776,0.0004038646750829,2025
bus1418,1418,0.0081328882964786,0.0074527912336048,2025
bus1643,1643,1.5769650984774957,0.2995859612674587,2025
bus29,29,1.7536991217852422,0.5519179609737546,2025
bus1968,1968,0.7456471540545905,1.0502530377201338,2025
bus74,74,0.0784787274646979,0.0376963911697475,2025
bus1861,1861,0.0664009233243246,0.0133228946457276,2025
bus425,425,0.0005037556771595,0.0449129768553768,2025
bus448,448,0.1979351959052948,0.0552947803712616,2025
bus1548,1548,0.0025073668617845,-0.0088740420993085,2025
bus1680,1680,0.0004818282285703,0.0009963581029747,2025
bus137,137,0.0086505793655092,0.0036615125057474,2025
bus1054,1054,0.0201032992632207,0.0064404501817222,2025
bus1068,1068,0.1855682424273751,0.0360951954212051,2025
bus1251,1251,0.0001745330799434,2.040360286732472e-05,2025
bus898,898,0.2269897052517938,0.0975750271677576,2025
bus1621,1621,0.1467389258477967,0.0200659834015066,2025
bus1679,1679,1.20157543252142,0.282147442072246,2025
bus922,922,0.04350549993529,0.0365798300166068,2025
bus537,537,0.0383991570384495,0.0200274319100876,2025
bus1681,1681,0.1033521592133778,0.0240992146940273,2025
bus1288,1288,0.6131040918282795,0.2031688686310326,2025
bus1549,1549,0.0877968786830048,0.0069108822616532,2025
bus1801,1801,0.1699032420032761,0.0636198069245666,2025
bus1322,1322,0.0788757778938218,0.0321056087769569,2025
bus1030,1030,0.0818099536793132,0.0222948987848506,2025
bus1905,1905,0.2443295797066188,0.0808743070439733,2025
bus248,248,0.0975796479307486,0.0068910220512907,2025
bus820,820,-1.228778165424925,0.0,2025
bus784,784,-0.0195709802757917,0.0,2025
bus1507,1507,5.344244136731394,0.6622290346917379,2025
bus1377,1377,0.8368958952113048,0.1156850117878061,2025
bus868,868,0.145123419293125,0.0389212508902682,2025
bus461,461,0.0041585205458138,0.0010012925600192,2025
bus1355,1355,0.0286722615966758,0.0,2025
bus642,642,0.1065746830973101,-0.0031642933908587,2025
bus1774,1774,0.0420366006892552,0.0161717690037257,2025
bus1328,1328,0.0452831581575547,-0.058425585074924,2025
bus1662,1662,0.2109544305293319,0.0075363507781269,2025
bus594,594,0.0471840331502526,0.011389486458727,2025
bus282,282,0.0655623269902481,0.0204417625540021,2025
bus1524,1524,-0.3737792690042636,0.0,2025
bus984,984,0.0319599535046223,-0.013173429026274,2025
bus1873,1873,0.2127819267822673,0.0414160100812235,2025
bus462,462,0.8305021465212684,0.1668540228905562,2025
bus96,96,0.5289891181081557,0.0411035500750701,2025
bus487,487,0.1981721618097132,-0.001844594198823,2025
bus1150,1150,0.1443647364291701,0.0,2025
bus542,542,0.2339447286066895,0.0537107869313341,2025
bus471,471,0.347492645989768,0.1139834923447117,2025
bus498,498,0.1279957780575828,-0.0192229937130995,2025
bus791,791,0.0046947234634829,-0.0050970310997604,2025
bus1375,1375,0.1590814888896436,0.0334294005615631,2025
bus122,122,0.0024299716342537,-0.0021779069500571,2025
bus350,350,1.0760202084062485,0.220772311214329,2025
bus1686,1686,0.0609560815974547,0.0022019675090394,2025
bus516,516,0.0617174809483572,7.238014984235849e-05,2025
bus1484,1484,0.0091262336276709,-0.0365060755221367,2025
bus1342,1342,6.606126829372917,0.5690660763608415,2025
bus26,26,0.0278520176384778,0.0720783248370183,2025
bus1222,1222,1.051812013960407,0.235764982624475,2025
bus1081,1081,0.0400714850813115,0.0135781764892642,2025
bus637,637,0.0010494725702163,0.0011326788328239,2025
bus915,915,-0.0213443469275336,0.0,2025
bus770,770,0.3553103676496139,0.0567718061398871,2025
bus1406,1406,0.0201524488944123,0.0033884587554157,2025
bus1870,1870,1.6299388709734028,-0.1174203749345147,2025
bus1694,1694,0.3494024835518721,0.0935520737677188,2025
bus201,201,0.466474952745808,0.1566152288823264,2025
bus677,677,0.2211793528189926,0.068569130805891,2025
bus333,333,0.4341304403682309,-0.0834658408134043,2025
bus1048,1048,-0.4678435038254777,0.0,2025
bus688,688,0.0018838969979485,0.002239677095642,2025
bus1269,1269,0.1904047902686575,0.050325087652734,2025
bus351,351,0.0118452720879318,0.004574960868611,2025
bus1859,1859,0.0001630033095145,-0.0044673952144579,2025
bus1215,1215,0.0469221561487579,0.0061226092198416,2025
bus1856,1856,0.4007633460437764,0.0509198701483288,2025
bus501,501,0.0255209973544089,0.0144986213788866,2025
bus1806,1806,0.1132317599671013,0.0238390951987401,2025
bus1202,1202,0.0625639310746073,0.0165795104763805,2025
bus54,54,0.0172140685138901,0.0062519998535922,2025
bus519,519,0.0831307385219859,0.0392894409455767,2025
bus909,909,0.0002157299316209,0.0002137121600115,2025
bus593,593,0.0214365727695998,0.0090449756462599,2025
bus764,764,0.0261869359961143,0.0073041967263958,2025
bus327,327,0.0340609545974503,0.0048578098474872,2025
bus1494,1494,0.047841920319155,0.011685384532548,2025
bus1704,1704,0.0038804986202849,0.0,2025
bus270,270,0.0109084728051225,0.0079328065544928,2025
bus693,693,0.0167633944473904,-0.0125530105803206,2025
bus390,390,0.8286468596191358,0.1146857161527547,2025
bus309,309,0.0165821503695577,0.0042295879356087,2025
bus1121,1121,0.6792927798871664,0.1351995053293576,2025
bus1819,1819,0.0478257070269123,0.0107285725809901,2025
bus733,733,0.1333647989290863,-0.0009950590326415,2025
bus675,675,0.3548855515986808,0.146666683087163,2025
bus41,41,0.5910665171301338,0.0740861985711109,2025
bus1575,1575,0.5602223042947311,0.2490483351109154,2025
bus1206,1206,0.1901458141248531,0.0126311162576803,2025
bus1847,1847,0.1126628585076927,0.0307163348076123,2025
bus1655,1655,0.0083446728117363,-0.0254398320899175,2025
bus1400,1400,0.2538834656139361,0.0849353438161073,2025
bus271,271,0.0405930829786275,0.0106614577384909,2025
bus1388,1388,0.115912173688715,0.0021978695924339,2025
bus689,689,0.4568275717688936,0.1854064802549157,2025
bus1367,1367,5.440638879115058,1.5605650102081858,2025
bus973,973,0.0048908838284597,0.0,2025
bus731,731,0.1791220546857675,0.0297655772889043,2025
bus1899,1899,0.4919767607354506,0.0449731702976318,2025
bus730,730,0.1129613637960714,0.0447483583233639,2025
bus1046,1046,0.0349952765979014,0.0254892623688085,2025
bus1390,1390,0.0855646875172594,0.0249926229542767,2025
bus604,604,0.0130201469244396,0.0026735372794304,2025
bus678,678,0.0192825831152856,0.0079352197360213,2025
bus413,413,0.0334476864327317,-0.0025088144406671,2025
bus894,894,0.0846272719714624,0.0163733570827855,2025
bus861,861,0.0837407703755508,0.0359766922480829,2025
bus1776,1776,-0.5621986755092869,0.0989876499056232,2025
bus182,182,0.0160709185820293,-0.0066429730796053,2025
bus1298,1298,0.0060818332520361,0.003125311856169,2025
bus61,61,-0.0007734019829997,0.0,2025
bus703,703,2.8501912215685463,1.6395511783308925,2025
bus1300,1300,0.141259821335831,-0.0735943162602597,2025
bus1444,1444,0.0916190182287089,-0.0585360129564559,2025
bus1828,1828,0.181736711668265,0.0313044964156858,2025
bus1348,1348,0.0490917997820814,0.0217721682033897,2025
bus162,162,0.0114616847388489,-0.0014480231499336,2025
bus1499,1499,0.2800047745248913,0.0351901142216749,2025
bus1043,1043,0.0007166448095143,-0.0005348566784482,2025
bus1216,1216,0.0394092110478644,0.0411086967711568,2025
bus1881,1881,0.3495059683522342,-0.0057986391101641,2025
bus466,466,0.2164336970796946,0.0410520542395972,2025
bus1530,1530,5.355401996578462,0.4457098449730629,2025
bus1853,1853,0.1363998789778093,0.1027390456839973,2025
bus1876,1876,0.007911258560759,-0.0009197357800957,2025
bus503,503,0.219089347842718,-0.0004739184896987,2025
bus1581,1581,0.0250816870796095,0.0123485121091238,2025
bus1768,1768,0.0103057679983761,0.0017056705721611,2025
bus1906,1906,0.0208967058863757,0.0017931680050969,2025
bus1640,1640,0.180158103311913,0.0212702788297034,2025
bus1927,1927,0.0025724854023254,0.0021375582459671,2025
bus1555,1555,0.1446976609489661,0.025692595728764,2025
bus1529,1529,0.0605383215286769,0.030043380290997,2025
bus504,504,1.1193990114904728,0.2894874384927789,2025
bus1831,1831,0.3203307500759957,0.0513714933228733,2025
bus360,360,1.2604441537584172,-0.4078576183538464,2025
bus1538,1538,0.0207474833364785,0.0085765861859879,2025
bus1583,1583,0.0110794562190593,0.0030552203649469,2025
bus308,308,0.1503312962005489,0.0250696534643482,2025
bus1432,1432,0.1202258273772602,-0.0029003650362078,2025
bus992,992,0.3072568221345365,0.1061555711827228,2025
bus242,242,0.0156501942729652,0.0003645856646542,2025
bus1101,1101,4.3561056504586455,1.5101252186076153,2025
bus1013,1013,0.0049443376391152,0.0023233901613001,2025
bus746,746,0.1606179378801909,0.0094648500325285,2025
bus617,617,0.0224984024028012,0.0137263879396609,2025
bus1347,1347,0.0002941921579834,0.0002914817453127,2025
bus1264,1264,0.0193563233048805,0.0086794995689331,2025
bus1960,1960,0.0002495253204973,0.0002654122320146,2025
bus1760,1760,0.0044882805407897,0.0036623190150104,2025
bus1487,1487,-0.0913276971865966,0.0,2025
bus1920,1920,0.0748882244818875,0.0190816555878181,2025
bus1408,1408,0.0740021237761882,0.0179682793531864,2025
bus379,379,0.2598646290441467,0.0575011625018676,2025
bus1455,1455,0.110314641656538,0.0051089285061612,2025
bus1469,1469,0.1059259051775879,0.0531441119885926,2025
bus799,799,0.1262371575574,0.0297743793169525,2025
bus735,735,0.1034326495911283,0.5039381799911904,2025
bus1069,1069,0.4566887261306762,0.1909086802784486,2025
bus1129,1129,0.3164776271118332,0.1662560678099578,2025
bus1653,1653,0.2599070493703775,0.0951492245614548,2025
bus716,716,0.010411103855543,0.0075030243637926,2025
bus1667,1667,0.4906671084047892,0.2571670630284096,2025
bus1297,1297,0.1876022258634978,0.0707891249733092,2025
bus1399,1399,0.1354471306572377,-0.0181478107972819,2025
bus138,138,0.0025381161109098,-0.0023921434551553,2025
bus1834,1834,0.1717007662773368,0.0375625172888061,2025
bus792,792,0.0173554876694737,0.006435249496326,2025
bus1213,1213,0.000718373488735,0.0004312710257531,2025
bus1031,1031,0.2345104858810233,0.072558900525465,2025
bus1434,1434,0.7624522590068131,0.2643725772194841,2025
bus233,233,0.3084453949802826,0.1376813090599644,2025
bus736,736,0.0005011919845435,0.0042632129312107,2025
bus488,488,0.0211379407362125,0.0089047710814342,2025
bus1812,1812,0.2981363099760211,0.2648384530668921,2025
bus1670,1670,0.0346760642641406,0.018335718239584,2025
bus1738,1738,0.1919419904417691,0.0280855053521668,2025
bus1811,1811,0.0706326369345295,0.0310655501450423,2025
bus1682,1682,0.3093896068012028,0.0465047371505439,2025
bus1486,1486,0.1629733342518558,0.0292428718758236,2025
bus1481,1481,0.0351858825975912,0.0180847787305998,2025
bus840,840,0.0233413425631776,0.0118154719152566,2025
bus1727,1727,0.2345607212979646,0.1002914756975608,2025
bus1224,1224,0.0048759555056663,0.003883350736405,2025
bus1892,1892,0.0005251685287782,0.0004909320801535,2025
bus531,531,0.8811591273671109,0.3839985091578136,2025
bus459,459,0.2844773138751402,0.0409009280005051,2025
bus684,684,-0.5945947013121728,0.0,2025
bus1804,1804,0.0124279969390497,0.0038581539212525,2025
bus365,365,0.9001831015926568,0.3205488312782858,2025
bus885,885,-0.0456713166291699,0.0136092565439275,2025
bus275,275,0.1334101362504293,0.0104581949386541,2025
bus508,508,0.2075682298035119,0.0254988309401382,2025
bus1259,1259,0.0332008417831578,0.0097036618451764,2025
bus1447,1447,0.0198920539072687,0.0174616148772375,2025
bus1531,1531,0.075640921439707,0.0110231759270989,2025
bus1152,1152,0.0383633286534436,0.0156724928569948,2025
bus1059,1059,0.0331117666317525,0.0086176891724121,2025
bus1102,1102,0.0690869704169055,0.0136170477416412,2025
bus847,847,0.1949138002807314,0.1608968717144777,2025
bus913,913,0.0906561147519049,0.0207684618931181,2025
bus1787,1787,0.1891736125798639,0.0570334799587731,2025
bus9,9,0.0513337532366441,0.0052006865721158,2025
bus493,493,0.0562900791906876,0.0028744699946043,2025
bus472,472,0.0038457223102624,0.0071435215256326,2025
bus1656,1656,0.1895615058623358,0.0880610254082457,2025
bus1533,1533,0.0442352071195209,0.0111214598724902,2025
bus290,290,0.0013303858133903,0.00081391334704,2025
bus289,289,0.0003637211545133,0.0003960576581427,2025
bus545,545,0.0793749441252343,0.0241231080263274,2025
bus765,765,0.3402481889078761,0.0929991763440019,2025
bus872,872,0.5401677393549669,0.1192873802194135,2025
bus1313,1313,0.0075527476107557,0.0071860107935348,2025
bus555,555,0.0432871164504177,0.0356713377351121,2025
bus1051,1051,0.0604068452497958,-0.000947684947427,2025
bus1661,1661,0.0558046473324354,0.0121603464123721,2025
bus1274,1274,1.168508677175374,0.3189405582067014,2025
bus1515,1515,0.389842543001962,-0.0354024478573301,2025
bus879,879,0.5818791929480935,0.0831131112776987,2025
bus699,699,0.0067254499922784,-0.0097425614168018,2025
bus1931,1931,0.1122026317806188,0.0584385289463377,2025
bus1289,1289,0.0543116290638112,0.0639126071986223,2025
bus1219,1219,0.2751077931735395,0.2065476540529747,2025
bus948,948,0.0537436192079096,0.0131231613896808,2025
bus288,288,0.1400091910793778,0.0335747081997102,2025
bus1057,1057,0.001893070902408,0.013442467744629,2025
bus1773,1773,0.0086035570448579,-0.0059611316134873,2025
bus1391,1391,0.0565634718824983,0.0240709838049346,2025
bus1631,1631,0.1155019571423555,0.0063083040512515,2025
bus257,257,0.2422200675499123,-0.0136382426840775,2025
bus1851,1851,0.4122192576161012,0.0336184855762611,2025
bus83,83,0.0792862315909663,0.0194874767650904,2025
bus59,59,0.7109377182803739,0.3925078829113697,2025
bus1725,1725,0.4742940214492202,0.3067044324070725,2025
bus886,886,0.1702947485596188,0.0089275240083484,2025
bus1003,1003,0.7452023990491496,0.316935675505661,2025
bus813,813,0.0195757585678673,0.0128957746741266,2025
bus1970,1970,0.0158541195193784,0.003260034874533,2025
bus670,670,0.0907031738251512,-0.3311343016693336,2025
bus945,945,-0.1596161829581295,0.0,2025
bus724,724,0.0035942686211345,-0.0031314142501897,2025
bus364,364,0.0250727176389622,0.0121382504266325,2025
bus1074,1074,0.2004298864633515,0.0642110621095708,2025
bus645,645,0.617317002413431,0.1368007184261379,2025
bus1864,1864,0.0002296250150413,0.0002317205817332,2025
bus1622,1622,0.1004430122298829,0.0317765816108538,2025
bus52,52,0.0251904304067923,0.0142335720386582,2025
bus244,244,0.0346938909173848,0.0027316134150314,2025
bus1518,1518,0.0081505692067314,-0.0045714242157364,2025
bus64,64,0.0537479114452289,0.023270961392323,2025
bus628,628,0.1013069301366659,0.0453906154435262,2025
bus1904,1904,0.0029332570272399,0.0014638143719507,2025
bus1952,1952,0.4755177644038468,0.1447717869874708,2025
bus1088,1088,0.1775564137614368,0.0967493660042687,2025
bus950,950,0.7931083077720171,0.1571098698121456,2025
bus1071,1071,0.0087392621495893,-0.0046599904863905,2025
bus822,822,0.0005245455053981,0.0004862378715702,2025
bus328,328,0.0761415863341981,0.0181474981668843,2025
bus1664,1664,0.0083730151946958,0.0308368026872907,2025
bus769,769,0.0015382626548108,0.0010036623688202,2025
bus1901,1901,0.0344190243623687,0.0102962830138184,2025
bus706,706,0.0036685180029517,0.002770016767249,2025
bus1512,1512,0.1596017959139858,0.1227188899859532,2025
bus881,881,0.2316625803691187,0.115565276220949,2025
bus1608,1608,0.0643966629402309,0.0028432116621174,2025
bus1993,1993,0.48073933962008,0.1465187514147606,2025
bus1337,1337,0.7843411604251832,0.1260346435911379,2025
bus272,272,0.0241141849408516,0.0084634567636126,2025
bus147,147,0.26820560568035,0.0793054097289254,2025
bus1986,1986,0.1798704857115722,0.0904090725003141,2025
bus782,782,0.0520791319342788,0.025045231613861,2025
bus444,444,0.013739028520105,-0.0169499625860439,2025
bus814,814,0.0189230672189837,-0.0036351438255638,2025
bus314,314,0.0004605519699867,-0.0084756839529846,2025
bus1458,1458,0.0046688499410498,-0.0512887944215017,2025
bus621,621,0.0056526046731491,0.0538347495491118,2025
bus996,996,0.570544366963905,0.0458908709728948,2025
bus1370,1370,0.6989378607304375,-0.0585499031743919,2025
bus1286,1286,-0.58053687114118,0.0,2025
bus1472,1472,0.0374693358223941,0.0129451495968185,2025
bus776,776,0.0363330502184128,0.0027367048484102,2025
bus1629,1629,0.8121519514162673,0.0441899470249228,2025
bus1369,1369,0.5286590199016538,0.1555561846413353,2025
bus954,954,0.1057628081399435,0.022080425108906,2025
bus1580,1580,0.0750821899354877,0.0496945419623811,2025
bus698,698,0.2458267250649856,0.0725885160424499,2025
