name,duid,bus_name,area,energy_rating,energy,bus_index,charge_efficiency,year_added,datetime
RESS1,RESS1,bus_1314,4,1.2,0.6,1867,0.9,2025,2025-12-01
DPNTB1,DPNTB1,bus_1314,4,0.5,0.25,1867,0.9,2025,2025-12-01
BALB1,BALB1,bus_2102,4,0.3,0.5,1118,0.9,2025,2025-12-01
Shallow_storage,Shallow storage,bus_1240,2,30.8278806424,30.8278806424,733,0.9,2025,2025-12-01
BULBES1,BULBES1,bus_2203,5,1.0,0.5,1891,0.9,2025,2025-12-01
KEPBG1,KEPBG1,bus_3626,8,0.04,0.04,1716,0.9,2025,2025-12-01
Coordinated_CER_storage,Coordinated CER storage,bus_3633,11,5.7884209992,5.7884209992,1389,0.9,2025,2025-12-01
Passive_CER_storage,Passive CER storage,bus_4257,14,5.575649213299999,5.575649213299999,649,0.9,2025,2025-12-01
Medium_storage,Medium storage,bus_1120,2,78.8475938256,78.8475938256,1427,0.9,2025,2025-12-01
BHB1,BHB1,bus_1324,4,0.5,0.5,1615,0.9,2025,2025-12-01
SNB01,SNB01,bus_3624,9,6.2,6.2,1445,0.9,2025,2025-12-01
RIVNB2,RIVNB2,bus_1314,4,1.3,0.65,1867,0.9,2025,2025-12-01
CAPBES1,CAPBES1,bus_1365,4,2.0,1.0,584,0.9,2025,2025-12-01
Coordinated_CER_storage_2,Coordinated CER storage,bus_4226,14,3.7418188008,3.7418188008,270,0.9,2025,2025-12-01
Deep_storage,Deep storage,bus_1119,2,62.71000000000001,62.71000000000001,1910,0.9,2025,2025-12-01
Medium_storage_2,Medium storage,bus_3568,11,77.0,77.0,636,0.9,2025,2025-12-01
QBYNB1,QBYNB1,bus_1199,4,0.2,0.1,582,0.9,2025,2025-12-01
MREHA3,MREHA3,bus_2208,6,8.0,4.0,1532,0.9,2025,2025-12-01
TEMPB1,TEMPB1,bus_4150,13,2.91,1.0,1,0.9,2025,2025-12-01
Passive_CER_storage_2,Passive CER storage,bus_5100,15,0.976812188,0.976812188,154,0.9,2025,2025-12-01
TIB1,TIB1,bus_4125,13,2.5,1.6,809,0.9,2025,2025-12-01
TB2B1,TB2B1,bus_4109,13,0.84,0.6,1778,0.9,2025,2025-12-01
Shallow_storage_2,Shallow storage,bus_4125,13,15.8738,15.8738,809,0.9,2025,2025-12-01
Medium_storage_3,Medium storage,bus_2146,6,14.0,14.0,614,0.9,2025,2025-12-01
PIBESS1,PIBESS1,bus_2086,7,1.0,0.5,1948,0.9,2025,2025-12-01
LIMBESS1,LIMBESS1,bus_1383,4,4.0,0.5,1865,0.9,2025,2025-12-01
Passive_CER_storage_3,Passive CER storage,bus_2214,6,11.34122797,11.34122797,1269,0.9,2025,2025-12-01
SWANBBF1,SWANBBF1,bus_3589,11,5.0,5.0,340,0.9,2025,2025-12-01
CHBESS1,CHBESS1,bus_3075,11,2.0,1.0,1796,0.9,2025,2025-12-01
SMTHBES1,SMTHBES1,bus_1634,2,1.3,1.0,1596,0.9,2025,2025-12-01
TARBESS1,TARBESS1,bus_3543,11,6.0,5.0,139,0.9,2025,2025-12-01
Coordinated_CER_storage_3,Coordinated CER storage,bus_1289,3,9.980390000199998,9.980390000199998,1367,0.9,2025,2025-12-01
CBWWBA1,CBWWBA1,bus_4116,13,0.0432,0.01,1594,0.9,2025,2025-12-01
BBATTERY1,BBATTERY1,bus_3482,8,1.0,1.0,1761,0.9,2025,2025-12-01
WDBESS1,WDBESS1,bus_3605,11,5.1,3.5,1261,0.9,2025,2025-12-01
MREHA2,MREHA2,bus_2208,6,4.0,2.0,1532,0.9,2025,2025-12-01
KESSB1,KESSB1,bus_2145,6,3.7,1.85,1894,0.9,2025,2025-12-01
HPR1,HPR1,bus_4133,13,1.783,0.8,800,0.9,2025,2025-12-01
RANGEB1,RANGEB1,bus_2121,7,5.0,2.5,310,0.9,2025,2025-12-01
BLYTHB1,BLYTHB1,bus_4137,13,4.0,1.0,404,0.9,2025,2025-12-01
VBB1,VBB1,bus_2108,6,5.0,2.5,1109,0.9,2025,2025-12-01
Coordinated_CER_storage_4,Coordinated CER storage,bus_5116,15,0.22332048,0.22332048,1366,0.9,2025,2025-12-01
MREHA1,MREHA1,bus_2208,6,4.0,2.0,1532,0.9,2025,2025-12-01
Shallow_storage_3,Shallow storage,bus_3039,9,29.4212,29.4212,1843,0.9,2025,2025-12-01
HVWWBA1,HVWWBA1,bus_4094,13,0.0882,0.035,1171,0.9,2025,2025-12-01
Shallow_storage_4,Shallow storage,bus_2109,6,41.1578138941,41.1578138941,803,0.9,2025,2025-12-01
HBESS1,HBESS1,bus_2127,6,1.5,1.5,1396,0.9,2025,2025-12-01
MANNUMB1,MANNUMB1,bus_4114,13,2.0,1.0,261,0.9,2025,2025-12-01
LVES1,LVES1,bus_2164,6,2.0,1.0,1883,0.9,2025,2025-12-01
WALGRV1,WALGRV1,bus_1550,2,0.75,0.5,593,0.9,2025,2025-12-01
ADPBA1,ADPBA1,bus_4107,13,0.126,0.05,1551,0.9,2025,2025-12-01
BOWWBA1,BOWWBA1,bus_4112,13,0.0504,0.01,402,0.9,2025,2025-12-01
Coordinated_CER_storage_5,Coordinated CER storage,bus_2111,6,7.0428656,7.0428656,1591,0.9,2025,2025-12-01
BUNGAMB1,BUNGAMB1,bus_4117,13,3.0,1.0,280,0.9,2025,2025-12-01
GREENB1,GREENB1,bus_3568,11,4.0,3.0,636,0.9,2025,2025-12-01
LBB1,LBB1,bus_4109,13,0.52,0.2,1778,0.9,2025,2025-12-01
BRNDBES1,BRNDBES1,bus_3498,9,4.1,3.0,1505,0.9,2025,2025-12-01
WANDB1,WANDB1,bus_3582,11,1.5,1.5,1084,0.9,2025,2025-12-01
ULPBESS1,ULPBESS1,bus_3546,11,2.98,2.0,1429,0.9,2025,2025-12-01
Passive_CER_storage_4,Passive CER storage,bus_1189,2,14.014731763400002,14.014731763400002,170,0.9,2025,2025-12-01
WTAHB1,WTAHB1,bus_1550,2,16.8,8.0,593,0.9,2025,2025-12-01
Passive_CER_storage_5,Passive CER storage,bus_3534,11,8.06067363775,8.06067363775,1903,0.9,2025,2025-12-01
WDBESS2,WDBESS2,bus_3605,11,5.1,3.5,1261,0.9,2025,2025-12-01
DALNTH1,DALNTH1,bus_4143,13,0.9,0.5,393,0.9,2025,2025-12-01
ERBO1,ERBO1,bus_1090,2,21.03,10.0,1632,0.9,2025,2025-12-01
GANNB1,GANNB1,bus_2082,5,1.0,0.5,1293,0.9,2025,2025-12-01
Medium_storage_4,Medium storage,bus_1120,2,109.5860040028,109.5860040028,1427,0.9,2026,2026-12-01
Medium_storage_5,Medium storage,bus_3568,11,77.00000377,77.00000377,636,0.9,2026,2026-12-01
Coordinated_CER_storage_6,Coordinated CER storage,bus_4226,14,4.929442399799999,4.929442399799999,270,0.9,2026,2026-12-01
Passive_CER_storage_6,Passive CER storage,bus_4257,14,6.476101579600001,6.476101579600001,649,0.9,2026,2026-12-01
Coordinated_CER_storage_7,Coordinated CER storage,bus_2111,6,10.137945,10.137945,1591,0.9,2026,2026-12-01
Medium_storage_6,Medium storage,bus_5168,15,8.328e-07,8.328e-07,1517,0.9,2026,2026-12-01
Medium_storage_7,Medium storage,bus_4137,13,4.098000000000001e-06,4.098000000000001e-06,404,0.9,2026,2026-12-01
Coordinated_CER_storage_8,Coordinated CER storage,bus_5116,15,0.3603956,0.3603956,1366,0.9,2026,2026-12-01
Shallow_storage_5,Shallow storage,bus_2109,6,60.1387999993,60.1387999993,803,0.9,2026,2026-12-01
Shallow_storage_6,Shallow storage,bus_1240,2,37.6018566557,37.6018566557,733,0.9,2026,2026-12-01
Passive_CER_storage_7,Passive CER storage,bus_1189,2,16.633038041000002,16.633038041000002,170,0.9,2026,2026-12-01
Passive_CER_storage_8,Passive CER storage,bus_2214,6,13.37089559,13.37089559,1269,0.9,2026,2026-12-01
Passive_CER_storage_9,Passive CER storage,bus_5100,15,1.18456153,1.18456153,154,0.9,2026,2026-12-01
Medium_storage_8,Medium storage,bus_2146,6,14.0000012348,14.0000012348,614,0.9,2026,2026-12-01
Coordinated_CER_storage_9,Coordinated CER storage,bus_3633,11,8.606469991200001,8.606469991200001,1389,0.9,2026,2026-12-01
Passive_CER_storage_10,Passive CER storage,bus_3534,11,9.81787565122,9.81787565122,1903,0.9,2026,2026-12-01
Coordinated_CER_storage_10,Coordinated CER storage,bus_1289,3,14.7085999994,14.7085999994,1367,0.9,2026,2026-12-01
Shallow_storage_7,Shallow storage,bus_3039,9,32.4212,32.4212,1843,0.9,2026,2026-12-01
Passive_CER_storage_11,Passive CER storage,bus_2214,6,14.78692677,14.78692677,1269,0.9,2027,2027-12-01
Coordinated_CER_storage_11,Coordinated CER storage,bus_4226,14,6.264856599399999,6.264856599399999,270,0.9,2027,2027-12-01
Snowy_2.0,Snowy 2.0,bus_1118,4,3498.0000000318,3498.0000000318,1719,0.9,2027,2027-12-01
Shallow_storage_8,Shallow storage,bus_4125,13,15.9942,15.9942,809,0.9,2027,2027-12-01
Passive_CER_storage_12,Passive CER storage,bus_4257,14,7.288489694399999,7.288489694399999,649,0.9,2027,2027-12-01
Shallow_storage_9,Shallow storage,bus_2109,6,59.9957999993,59.9957999993,803,0.9,2027,2027-12-01
Passive_CER_storage_13,Passive CER storage,bus_1189,2,18.538442209000003,18.538442209000003,170,0.9,2027,2027-12-01
Medium_storage_9,Medium storage,bus_4137,13,5.216e-06,5.216e-06,404,0.9,2027,2027-12-01
Medium_storage_10,Medium storage,bus_5168,15,1.0388e-06,1.0388e-06,1517,0.9,2027,2027-12-01
Medium_storage_11,Medium storage,bus_2146,6,14.0000016472,14.0000016472,614,0.9,2027,2027-12-01
Medium_storage_12,Medium storage,bus_1120,2,109.5860077208,109.5860077208,1427,0.9,2027,2027-12-01
Coordinated_CER_storage_12,Coordinated CER storage,bus_1289,3,20.1603359994,20.1603359994,1367,0.9,2027,2027-12-01
Coordinated_CER_storage_13,Coordinated CER storage,bus_2111,6,13.4120752,13.4120752,1591,0.9,2027,2027-12-01
Passive_CER_storage_14,Passive CER storage,bus_3534,11,11.300680713509998,11.300680713509998,1903,0.9,2027,2027-12-01
Coordinated_CER_storage_14,Coordinated CER storage,bus_5116,15,0.5392376,0.5392376,1366,0.9,2027,2027-12-01
Passive_CER_storage_15,Passive CER storage,bus_5100,15,1.375000533,1.375000533,154,0.9,2027,2027-12-01
Coordinated_CER_storage_15,Coordinated CER storage,bus_3633,11,12.0323959996,12.0323959996,1389,0.9,2027,2027-12-01
Shallow_storage_10,Shallow storage,bus_1240,2,52.2994032785,52.2994032785,733,0.9,2027,2027-12-01
Medium_storage_13,Medium storage,bus_3568,11,77.00000496160001,77.00000496160001,636,0.9,2027,2027-12-01
Passive_CER_storage_16,Passive CER storage,bus_2214,6,16.76288795,16.76288795,1269,0.9,2028,2028-12-01
Coordinated_CER_storage_16,Coordinated CER storage,bus_4226,14,8.516847599,8.516847599,270,0.9,2028,2028-12-01
Passive_CER_storage_17,Passive CER storage,bus_4257,14,8.471807479599999,8.471807479599999,649,0.9,2028,2028-12-01
Shallow_storage_11,Shallow storage,bus_2109,6,59.899799999300015,59.899799999300015,803,0.9,2028,2028-12-01
Passive_CER_storage_18,Passive CER storage,bus_1189,2,21.141239063,21.141239063,170,0.9,2028,2028-12-01
Medium_storage_14,Medium storage,bus_4137,13,1.9269600000000003e-05,1.9269600000000003e-05,404,0.9,2028,2028-12-01
Medium_storage_15,Medium storage,bus_5168,15,1.9952e-06,1.9952e-06,1517,0.9,2028,2028-12-01
Medium_storage_16,Medium storage,bus_2146,6,14.000004095199998,14.000004095199998,614,0.9,2028,2028-12-01
Medium_storage_17,Medium storage,bus_1120,2,225.2668013648,225.2668013648,1427,0.9,2028,2028-12-01
Coordinated_CER_storage_17,Coordinated CER storage,bus_1289,3,28.8704160004,28.8704160004,1367,0.9,2028,2028-12-01
Coordinated_CER_storage_18,Coordinated CER storage,bus_2111,6,18.624702,18.624702,1591,0.9,2028,2028-12-01
Passive_CER_storage_19,Passive CER storage,bus_3534,11,13.5451354411,13.5451354411,1903,0.9,2028,2028-12-01
Coordinated_CER_storage_19,Coordinated CER storage,bus_5116,15,0.8278409999999999,0.8278409999999999,1366,0.9,2028,2028-12-01
Passive_CER_storage_20,Passive CER storage,bus_5100,15,1.662229273,1.662229273,154,0.9,2028,2028-12-01
Coordinated_CER_storage_20,Coordinated CER storage,bus_3633,11,18.0379420006,18.0379420006,1389,0.9,2028,2028-12-01
Shallow_storage_12,Shallow storage,bus_1240,2,53.20729185550001,53.20729185550001,733,0.9,2028,2028-12-01
Medium_storage_18,Medium storage,bus_3568,11,77.0000263684,77.0000263684,636,0.9,2028,2028-12-01
Shallow_storage_13,Shallow storage,bus_4125,13,15.795799999999996,15.795799999999996,809,0.9,2029,2029-12-01
Passive_CER_storage_21,Passive CER storage,bus_4257,14,9.4615228844,9.4615228844,649,0.9,2029,2029-12-01
Coordinated_CER_storage_21,Coordinated CER storage,bus_4226,14,11.0857846939,11.0857846939,270,0.9,2029,2029-12-01
Passive_CER_storage_22,Passive CER storage,bus_5100,15,1.932702954,1.932702954,154,0.9,2029,2029-12-01
Coordinated_CER_storage_22,Coordinated CER storage,bus_1289,3,39.007057522,39.007057522,1367,0.9,2029,2029-12-01
Deep_storage_2,Deep storage,bus_4112,13,1.8744e-06,1.8744e-06,402,0.9,2029,2029-12-01
Passive_CER_storage_23,Passive CER storage,bus_1189,2,24.147184948,24.147184948,170,0.9,2029,2029-12-01
Coordinated_CER_storage_23,Coordinated CER storage,bus_5116,15,1.17184911745,1.17184911745,1366,0.9,2029,2029-12-01
Deep_storage_3,Deep storage,bus_1119,2,302.7100071352,302.7100071352,1910,0.9,2029,2029-12-01
Passive_CER_storage_24,Passive CER storage,bus_3534,11,16.000446395,16.000446395,1903,0.9,2029,2029-12-01
Medium_storage_19,Medium storage,bus_3568,11,77.0000266044,77.0000266044,636,0.9,2029,2029-12-01
Shallow_storage_14,Shallow storage,bus_1240,2,65.7385318555,65.7385318555,733,0.9,2029,2029-12-01
Deep_storage_4,Deep storage,bus_2208,6,5.671199999999999e-06,5.671199999999999e-06,1532,0.9,2029,2029-12-01
Deep_storage_5,Deep storage,bus_1445,2,14.3635670472,14.3635670472,955,0.9,2029,2029-12-01
Deep_storage_6,Deep storage,bus_5169,15,4.42632e-05,4.42632e-05,702,0.9,2029,2029-12-01
Coordinated_CER_storage_24,Coordinated CER storage,bus_2111,6,25.4268833826,25.4268833826,1591,0.9,2029,2029-12-01
Coordinated_CER_storage_25,Coordinated CER storage,bus_3633,11,25.02287975205,25.02287975205,1389,0.9,2029,2029-12-01
Passive_CER_storage_25,Passive CER storage,bus_2214,6,19.07490639,19.07490639,1269,0.9,2029,2029-12-01
Medium_storage_20,Medium storage,bus_1120,2,223.6660013648,223.6660013648,1427,0.9,2029,2029-12-01
Shallow_storage_15,Shallow storage,bus_2109,6,60.03879999930001,60.03879999930001,803,0.9,2029,2029-12-01
Passive_CER_storage_26,Passive CER storage,bus_3534,11,18.1224956929,18.1224956929,1903,0.9,2030,2030-12-01
Medium_storage_21,Medium storage,bus_2146,6,14.000004182399998,14.000004182399998,614,0.9,2030,2030-12-01
Passive_CER_storage_27,Passive CER storage,bus_4257,14,10.2816401674,10.2816401674,649,0.9,2030,2030-12-01
Medium_storage_22,Medium storage,bus_4137,13,1.95968e-05,1.95968e-05,404,0.9,2030,2030-12-01
Coordinated_CER_storage_26,Coordinated CER storage,bus_4226,14,13.9213928712,13.9213928712,270,0.9,2030,2030-12-01
Passive_CER_storage_28,Passive CER storage,bus_5100,15,2.169629358,2.169629358,154,0.9,2030,2030-12-01
Coordinated_CER_storage_27,Coordinated CER storage,bus_1289,3,50.6222559,50.6222559,1367,0.9,2030,2030-12-01
Passive_CER_storage_29,Passive CER storage,bus_1189,2,26.767795713,26.767795713,170,0.9,2030,2030-12-01
Coordinated_CER_storage_28,Coordinated CER storage,bus_5116,15,1.6067945559000003,1.6067945559000003,1366,0.9,2030,2030-12-01
Deep_storage_7,Deep storage,bus_1119,2,302.71000768,302.71000768,1910,0.9,2030,2030-12-01
Medium_storage_23,Medium storage,bus_3568,11,77.00002723200001,77.00002723200001,636,0.9,2030,2030-12-01
Coordinated_CER_storage_29,Coordinated CER storage,bus_3633,11,32.87534315995,32.87534315995,1389,0.9,2030,2030-12-01
Shallow_storage_16,Shallow storage,bus_1240,2,67.2098518555,67.2098518555,733,0.9,2030,2030-12-01
Deep_storage_8,Deep storage,bus_2208,6,6.288e-06,6.288e-06,1532,0.9,2030,2030-12-01
Borumba,Borumba,bus_3174,9,479.52,479.52,1374,0.9,2030,2030-12-01
Deep_storage_9,Deep storage,bus_5169,15,4.7786e-05,4.7786e-05,702,0.9,2030,2030-12-01
Medium_storage_24,Medium storage,bus_5168,15,2.0968e-06,2.0968e-06,1517,0.9,2030,2030-12-01
Coordinated_CER_storage_30,Coordinated CER storage,bus_2111,6,33.4900748028,33.4900748028,1591,0.9,2030,2030-12-01
Passive_CER_storage_30,Passive CER storage,bus_2214,6,21.16808767,21.16808767,1269,0.9,2030,2030-12-01
Medium_storage_25,Medium storage,bus_1120,2,225.26680188199995,225.26680188199995,1427,0.9,2030,2030-12-01
Passive_CER_storage_31,Passive CER storage,bus_3534,11,20.0856874711,20.0856874711,1903,0.9,2031,2031-12-01
Medium_storage_26,Medium storage,bus_2146,6,14.000004291999998,14.000004291999998,614,0.9,2031,2031-12-01
Passive_CER_storage_32,Passive CER storage,bus_4257,14,11.023414787099998,11.023414787099998,649,0.9,2031,2031-12-01
Medium_storage_27,Medium storage,bus_4137,13,2.0502e-05,2.0502e-05,404,0.9,2031,2031-12-01
Coordinated_CER_storage_31,Coordinated CER storage,bus_4226,14,17.140751644599998,17.140751644599998,270,0.9,2031,2031-12-01
Passive_CER_storage_33,Passive CER storage,bus_5100,15,2.379867043,2.379867043,154,0.9,2031,2031-12-01
Coordinated_CER_storage_32,Coordinated CER storage,bus_1289,3,64.2046493276,64.2046493276,1367,0.9,2031,2031-12-01
Passive_CER_storage_34,Passive CER storage,bus_1189,2,29.269204487,29.269204487,170,0.9,2031,2031-12-01
Coordinated_CER_storage_33,Coordinated CER storage,bus_5116,15,2.2095865797,2.2095865797,1366,0.9,2031,2031-12-01
Medium_storage_28,Medium storage,bus_3568,11,77.0000277468,77.0000277468,636,0.9,2031,2031-12-01
Coordinated_CER_storage_34,Coordinated CER storage,bus_3633,11,42.12584367290001,42.12584367290001,1389,0.9,2031,2031-12-01
Deep_storage_10,Deep storage,bus_2208,6,6.672000000000001e-06,6.672000000000001e-06,1532,0.9,2031,2031-12-01
Deep_storage_11,Deep storage,bus_5169,15,6.00028e-05,6.00028e-05,702,0.9,2031,2031-12-01
Medium_storage_29,Medium storage,bus_5168,15,2.2752e-06,2.2752e-06,1517,0.9,2031,2031-12-01
Coordinated_CER_storage_35,Coordinated CER storage,bus_2111,6,43.0731847905,43.0731847905,1591,0.9,2031,2031-12-01
Passive_CER_storage_35,Passive CER storage,bus_2214,6,23.15724739,23.15724739,1269,0.9,2031,2031-12-01
Medium_storage_30,Medium storage,bus_1120,2,223.6660024492,223.6660024492,1427,0.9,2031,2031-12-01
Shallow_storage_17,Shallow storage,bus_2109,6,63.78879999930001,63.78879999930001,803,0.9,2031,2031-12-01
Passive_CER_storage_36,Passive CER storage,bus_3534,11,21.929539795,21.929539795,1903,0.9,2032,2032-12-01
Passive_CER_storage_37,Passive CER storage,bus_4257,14,11.7019384947,11.7019384947,649,0.9,2032,2032-12-01
Coordinated_CER_storage_36,Coordinated CER storage,bus_4226,14,20.74732824545,20.74732824545,270,0.9,2032,2032-12-01
Passive_CER_storage_38,Passive CER storage,bus_5100,15,2.567577379,2.567577379,154,0.9,2032,2032-12-01
Coordinated_CER_storage_37,Coordinated CER storage,bus_1289,3,79.7340924458,79.7340924458,1367,0.9,2032,2032-12-01
Passive_CER_storage_39,Passive CER storage,bus_1189,2,31.625172544,31.625172544,170,0.9,2032,2032-12-01
Coordinated_CER_storage_38,Coordinated CER storage,bus_5116,15,2.9602159735,2.9602159735,1366,0.9,2032,2032-12-01
Medium_storage_31,Medium storage,bus_3568,11,77.00002981400002,77.00002981400002,636,0.9,2032,2032-12-01
Coordinated_CER_storage_39,Coordinated CER storage,bus_3633,11,52.765069383050005,52.765069383050005,1389,0.9,2032,2032-12-01
Shallow_storage_18,Shallow storage,bus_1240,2,65.3485318555,65.3485318555,733,0.9,2032,2032-12-01
Coordinated_CER_storage_40,Coordinated CER storage,bus_2111,6,54.27105384650001,54.27105384650001,1591,0.9,2032,2032-12-01
Passive_CER_storage_40,Passive CER storage,bus_2214,6,25.13853626,25.13853626,1269,0.9,2032,2032-12-01
Shallow_storage_19,Shallow storage,bus_2109,6,62.95119999930001,62.95119999930001,803,0.9,2032,2032-12-01
Passive_CER_storage_41,Passive CER storage,bus_3534,11,23.7721142796,23.7721142796,1903,0.9,2033,2033-12-01
Medium_storage_32,Medium storage,bus_2146,6,14.0000178068,14.0000178068,614,0.9,2033,2033-12-01
Shallow_storage_20,Shallow storage,bus_4125,13,15.295799999999996,15.295799999999996,809,0.9,2033,2033-12-01
Passive_CER_storage_42,Passive CER storage,bus_4257,14,12.478490528799998,12.478490528799998,649,0.9,2033,2033-12-01
Medium_storage_33,Medium storage,bus_4137,13,2.1526e-05,2.1526e-05,404,0.9,2033,2033-12-01
Coordinated_CER_storage_41,Coordinated CER storage,bus_4226,14,24.856663671800003,24.856663671800003,270,0.9,2033,2033-12-01
Passive_CER_storage_43,Passive CER storage,bus_5100,15,2.745897582,2.745897582,154,0.9,2033,2033-12-01
Coordinated_CER_storage_42,Coordinated CER storage,bus_1289,3,97.6417577073,97.6417577073,1367,0.9,2033,2033-12-01
Deep_storage_12,Deep storage,bus_4112,13,2.436e-06,2.436e-06,402,0.9,2033,2033-12-01
Passive_CER_storage_44,Passive CER storage,bus_1189,2,34.373682882000004,34.373682882000004,170,0.9,2033,2033-12-01
Coordinated_CER_storage_43,Coordinated CER storage,bus_5116,15,3.86051891815,3.86051891815,1366,0.9,2033,2033-12-01
Deep_storage_13,Deep storage,bus_1119,2,302.710008712,302.710008712,1910,0.9,2033,2033-12-01
Medium_storage_34,Medium storage,bus_3568,11,77.00003428000001,77.00003428000001,636,0.9,2033,2033-12-01
Coordinated_CER_storage_44,Coordinated CER storage,bus_3633,11,64.6359364413,64.6359364413,1389,0.9,2033,2033-12-01
Shallow_storage_21,Shallow storage,bus_1240,2,66.8198518555,66.8198518555,733,0.9,2033,2033-12-01
Deep_storage_14,Deep storage,bus_2208,6,0.000177768,0.000177768,1532,0.9,2033,2033-12-01
Deep_storage_15,Deep storage,bus_5169,15,49.002109611200005,49.002109611200005,702,0.9,2033,2033-12-01
Medium_storage_35,Medium storage,bus_5168,15,2.4804e-06,2.4804e-06,1517,0.9,2033,2033-12-01
Coordinated_CER_storage_45,Coordinated CER storage,bus_2111,6,67.40151395550001,67.40151395550001,1591,0.9,2033,2033-12-01
Passive_CER_storage_45,Passive CER storage,bus_2214,6,27.48484352,27.48484352,1269,0.9,2033,2033-12-01
Medium_storage_36,Medium storage,bus_1120,2,225.2668042652,225.2668042652,1427,0.9,2033,2033-12-01
Shallow_storage_22,Shallow storage,bus_2109,6,63.98608812380001,63.98608812380001,803,0.9,2033,2033-12-01
Passive_CER_storage_46,Passive CER storage,bus_3534,11,25.9637467441,25.9637467441,1903,0.9,2034,2034-12-01
Passive_CER_storage_47,Passive CER storage,bus_4257,14,13.1888660238,13.1888660238,649,0.9,2034,2034-12-01
Medium_storage_37,Medium storage,bus_4137,13,2.26148e-05,2.26148e-05,404,0.9,2034,2034-12-01
Coordinated_CER_storage_46,Coordinated CER storage,bus_4226,14,29.2608465284,29.2608465284,270,0.9,2034,2034-12-01
Passive_CER_storage_48,Passive CER storage,bus_5100,15,2.917428381,2.917428381,154,0.9,2034,2034-12-01
Coordinated_CER_storage_47,Coordinated CER storage,bus_1289,3,117.47745485275,117.47745485275,1367,0.9,2034,2034-12-01
Deep_storage_16,Deep storage,bus_4112,13,2.9304e-06,2.9304e-06,402,0.9,2034,2034-12-01
Passive_CER_storage_49,Passive CER storage,bus_1189,2,37.187092771,37.187092771,170,0.9,2034,2034-12-01
Coordinated_CER_storage_48,Coordinated CER storage,bus_5116,15,4.91327451365,4.91327451365,1366,0.9,2034,2034-12-01
Deep_storage_17,Deep storage,bus_1119,2,302.7100123384,302.7100123384,1910,0.9,2034,2034-12-01
Coordinated_CER_storage_49,Coordinated CER storage,bus_3633,11,78.28944273145,78.28944273145,1389,0.9,2034,2034-12-01
Deep_storage_18,Deep storage,bus_2208,6,0.000178128,0.000178128,1532,0.9,2034,2034-12-01
Coordinated_CER_storage_50,Coordinated CER storage,bus_2111,6,82.3376391175,82.3376391175,1591,0.9,2034,2034-12-01
Passive_CER_storage_50,Passive CER storage,bus_2214,6,30.01444305,30.01444305,1269,0.9,2034,2034-12-01
Medium_storage_38,Medium storage,bus_1120,2,223.66600479599995,223.66600479599995,1427,0.9,2034,2034-12-01
Passive_CER_storage_51,Passive CER storage,bus_3534,11,27.2395533339,27.2395533339,1903,0.9,2035,2035-12-01
Passive_CER_storage_52,Passive CER storage,bus_4257,14,13.627009053200002,13.627009053200002,649,0.9,2035,2035-12-01
Medium_storage_39,Medium storage,bus_4137,13,2.30768e-05,2.30768e-05,404,0.9,2035,2035-12-01
Coordinated_CER_storage_51,Coordinated CER storage,bus_4226,14,33.65313319735,33.65313319735,270,0.9,2035,2035-12-01
Passive_CER_storage_53,Passive CER storage,bus_5100,15,3.004759233,3.004759233,154,0.9,2035,2035-12-01
Coordinated_CER_storage_52,Coordinated CER storage,bus_1289,3,137.55276535700003,137.55276535700003,1367,0.9,2035,2035-12-01
Passive_CER_storage_54,Passive CER storage,bus_1189,2,39.090992367,39.090992367,170,0.9,2035,2035-12-01
Coordinated_CER_storage_53,Coordinated CER storage,bus_5116,15,6.05749165915,6.05749165915,1366,0.9,2035,2035-12-01
Deep_storage_19,Deep storage,bus_1119,2,302.71001494,302.71001494,1910,0.9,2035,2035-12-01
Medium_storage_40,Medium storage,bus_3568,11,77.00003438,77.00003438,636,0.9,2035,2035-12-01
Coordinated_CER_storage_54,Coordinated CER storage,bus_3633,11,91.78736623485,91.78736623485,1389,0.9,2035,2035-12-01
Shallow_storage_23,Shallow storage,bus_1240,2,64.5985318555,64.5985318555,733,0.9,2035,2035-12-01
Medium_storage_41,Medium storage,bus_5168,15,2.5956e-06,2.5956e-06,1517,0.9,2035,2035-12-01
Coordinated_CER_storage_55,Coordinated CER storage,bus_2111,6,97.8770893495,97.8770893495,1591,0.9,2035,2035-12-01
Passive_CER_storage_55,Passive CER storage,bus_2214,6,31.89698406,31.89698406,1269,0.9,2035,2035-12-01
Medium_storage_42,Medium storage,bus_1120,2,223.6660049552,223.6660049552,1427,0.9,2035,2035-12-01
Shallow_storage_24,Shallow storage,bus_2109,6,64.11808812380002,64.11808812380002,803,0.9,2035,2035-12-01
Passive_CER_storage_56,Passive CER storage,bus_3534,11,28.547862116600005,28.547862116600005,1903,0.9,2036,2036-12-01
Passive_CER_storage_57,Passive CER storage,bus_4257,14,14.1064523117,14.1064523117,649,0.9,2036,2036-12-01
Medium_storage_43,Medium storage,bus_4137,13,2.37612e-05,2.37612e-05,404,0.9,2036,2036-12-01
Coordinated_CER_storage_56,Coordinated CER storage,bus_4226,14,38.54957091455,38.54957091455,270,0.9,2036,2036-12-01
Passive_CER_storage_58,Passive CER storage,bus_5100,15,3.085585861,3.085585861,154,0.9,2036,2036-12-01
Coordinated_CER_storage_57,Coordinated CER storage,bus_1289,3,159.6113914801,159.6113914801,1367,0.9,2036,2036-12-01
Passive_CER_storage_59,Passive CER storage,bus_1189,2,40.943518428,40.943518428,170,0.9,2036,2036-12-01
Coordinated_CER_storage_58,Coordinated CER storage,bus_5116,15,7.362502754649999,7.362502754649999,1366,0.9,2036,2036-12-01
Deep_storage_20,Deep storage,bus_1119,2,302.7100252168,302.7100252168,1910,0.9,2036,2036-12-01
Medium_storage_44,Medium storage,bus_3568,11,77.0000375904,77.0000375904,636,0.9,2036,2036-12-01
Coordinated_CER_storage_59,Coordinated CER storage,bus_3633,11,106.7445551126,106.7445551126,1389,0.9,2036,2036-12-01
Shallow_storage_25,Shallow storage,bus_1240,2,66.0698518555,66.0698518555,733,0.9,2036,2036-12-01
Deep_storage_21,Deep storage,bus_5169,15,216.4253530704,216.4253530704,702,0.9,2036,2036-12-01
Medium_storage_45,Medium storage,bus_5168,15,2.6796e-06,2.6796e-06,1517,0.9,2036,2036-12-01
Coordinated_CER_storage_60,Coordinated CER storage,bus_2111,6,115.0745506345,115.0745506345,1591,0.9,2036,2036-12-01
Passive_CER_storage_60,Passive CER storage,bus_2214,6,33.7441074,33.7441074,1269,0.9,2036,2036-12-01
Medium_storage_46,Medium storage,bus_1120,2,225.2668112104,225.2668112104,1427,0.9,2036,2036-12-01
Passive_CER_storage_61,Passive CER storage,bus_3534,11,29.797357591400004,29.797357591400004,1903,0.9,2037,2037-12-01
Medium_storage_47,Medium storage,bus_2146,6,14.0000178948,14.0000178948,614,0.9,2037,2037-12-01
Passive_CER_storage_62,Passive CER storage,bus_4257,14,14.5628153659,14.5628153659,649,0.9,2037,2037-12-01
Medium_storage_48,Medium storage,bus_4137,13,2.41832e-05,2.41832e-05,404,0.9,2037,2037-12-01
Coordinated_CER_storage_61,Coordinated CER storage,bus_4226,14,43.97881363745,43.97881363745,270,0.9,2037,2037-12-01
Passive_CER_storage_63,Passive CER storage,bus_5100,15,3.151260352,3.151260352,154,0.9,2037,2037-12-01
Coordinated_CER_storage_62,Coordinated CER storage,bus_1289,3,183.72239140715,183.72239140715,1367,0.9,2037,2037-12-01
Passive_CER_storage_64,Passive CER storage,bus_1189,2,42.559968592,42.559968592,170,0.9,2037,2037-12-01
Coordinated_CER_storage_63,Coordinated CER storage,bus_5116,15,8.842023801,8.842023801,1366,0.9,2037,2037-12-01
Medium_storage_49,Medium storage,bus_3568,11,77.0000383048,77.0000383048,636,0.9,2037,2037-12-01
Coordinated_CER_storage_64,Coordinated CER storage,bus_3633,11,123.2696452002,123.2696452002,1389,0.9,2037,2037-12-01
Medium_storage_50,Medium storage,bus_5168,15,2.7904e-06,2.7904e-06,1517,0.9,2037,2037-12-01
Coordinated_CER_storage_65,Coordinated CER storage,bus_2111,6,133.6871589895,133.6871589895,1591,0.9,2037,2037-12-01
Shallow_storage_26,Shallow storage,bus_3039,9,30.4212,30.4212,1843,0.9,2037,2037-12-01
Passive_CER_storage_65,Passive CER storage,bus_2214,6,35.23386246,35.23386246,1269,0.9,2037,2037-12-01
Medium_storage_51,Medium storage,bus_1120,2,223.6660116688,223.6660116688,1427,0.9,2037,2037-12-01
Shallow_storage_27,Shallow storage,bus_2109,6,63.88608812380001,63.88608812380001,803,0.9,2037,2037-12-01
Passive_CER_storage_66,Passive CER storage,bus_3534,11,30.9413243935,30.9413243935,1903,0.9,2038,2038-12-01
Medium_storage_52,Medium storage,bus_2146,6,14.0000179548,14.0000179548,614,0.9,2038,2038-12-01
Passive_CER_storage_67,Passive CER storage,bus_4257,14,14.9805914136,14.9805914136,649,0.9,2038,2038-12-01
Coordinated_CER_storage_66,Coordinated CER storage,bus_4226,14,49.31900139525,49.31900139525,270,0.9,2038,2038-12-01
Passive_CER_storage_68,Passive CER storage,bus_5100,15,3.168256843,3.168256843,154,0.9,2038,2038-12-01
Coordinated_CER_storage_67,Coordinated CER storage,bus_1289,3,207.4787459832,207.4787459832,1367,0.9,2038,2038-12-01
Passive_CER_storage_69,Passive CER storage,bus_1189,2,43.72279039100001,43.72279039100001,170,0.9,2038,2038-12-01
Coordinated_CER_storage_68,Coordinated CER storage,bus_5116,15,10.3900829982,10.3900829982,1366,0.9,2038,2038-12-01
Medium_storage_53,Medium storage,bus_3568,11,77.0000386072,77.0000386072,636,0.9,2038,2038-12-01
Coordinated_CER_storage_69,Coordinated CER storage,bus_3633,11,140.00440640855,140.00440640855,1389,0.9,2038,2038-12-01
Deep_storage_22,Deep storage,bus_2208,6,0.0001783896,0.0001783896,1532,0.9,2038,2038-12-01
Medium_storage_54,Medium storage,bus_5168,15,2.8316e-06,2.8316e-06,1517,0.9,2038,2038-12-01
Coordinated_CER_storage_70,Coordinated CER storage,bus_2111,6,152.6889143975,152.6889143975,1591,0.9,2038,2038-12-01
Passive_CER_storage_70,Passive CER storage,bus_2214,6,36.52148201,36.52148201,1269,0.9,2038,2038-12-01
Medium_storage_55,Medium storage,bus_1120,2,223.6660118624,223.6660118624,1427,0.9,2038,2038-12-01
Passive_CER_storage_71,Passive CER storage,bus_3534,11,31.7048313173,31.7048313173,1903,0.9,2039,2039-12-01
Passive_CER_storage_72,Passive CER storage,bus_4257,14,15.164448886900002,15.164448886900002,649,0.9,2039,2039-12-01
Medium_storage_56,Medium storage,bus_4137,13,2.4344400000000004e-05,2.4344400000000004e-05,404,0.9,2039,2039-12-01
Coordinated_CER_storage_71,Coordinated CER storage,bus_4226,14,54.83602616765,54.83602616765,270,0.9,2039,2039-12-01
Passive_CER_storage_73,Passive CER storage,bus_5100,15,3.2060889150000005,3.2060889150000005,154,0.9,2039,2039-12-01
Coordinated_CER_storage_72,Coordinated CER storage,bus_1289,3,232.50350445585,232.50350445585,1367,0.9,2039,2039-12-01
Passive_CER_storage_74,Passive CER storage,bus_1189,2,44.297914904,44.297914904,170,0.9,2039,2039-12-01
Coordinated_CER_storage_73,Coordinated CER storage,bus_5116,15,12.0007817454,12.0007817454,1366,0.9,2039,2039-12-01
Medium_storage_57,Medium storage,bus_3568,11,77.0000389368,77.0000389368,636,0.9,2039,2039-12-01
Coordinated_CER_storage_74,Coordinated CER storage,bus_3633,11,157.86409711674995,157.86409711674995,1389,0.9,2039,2039-12-01
Medium_storage_58,Medium storage,bus_5168,15,2.872e-06,2.872e-06,1517,0.9,2039,2039-12-01
Coordinated_CER_storage_75,Coordinated CER storage,bus_2111,6,172.95863085000002,172.95863085000002,1591,0.9,2039,2039-12-01
Passive_CER_storage_75,Passive CER storage,bus_2214,6,37.42192257,37.42192257,1269,0.9,2039,2039-12-01
Medium_storage_59,Medium storage,bus_1120,2,223.66601204680003,223.66601204680003,1427,0.9,2039,2039-12-01
Passive_CER_storage_76,Passive CER storage,bus_3534,11,32.2139490486,32.2139490486,1903,0.9,2040,2040-12-01
Shallow_storage_28,Shallow storage,bus_4125,13,15.042599999999998,15.042599999999998,809,0.9,2040,2040-12-01
Passive_CER_storage_77,Passive CER storage,bus_4257,14,15.2179821363,15.2179821363,649,0.9,2040,2040-12-01
Medium_storage_60,Medium storage,bus_4137,13,2.46632e-05,2.46632e-05,404,0.9,2040,2040-12-01
Coordinated_CER_storage_76,Coordinated CER storage,bus_4226,14,60.51986798925,60.51986798925,270,0.9,2040,2040-12-01
Passive_CER_storage_78,Passive CER storage,bus_5100,15,3.21831249,3.21831249,154,0.9,2040,2040-12-01
Coordinated_CER_storage_77,Coordinated CER storage,bus_1289,3,258.7475191415,258.7475191415,1367,0.9,2040,2040-12-01
Passive_CER_storage_79,Passive CER storage,bus_1189,2,44.551197381,44.551197381,170,0.9,2040,2040-12-01
Coordinated_CER_storage_78,Coordinated CER storage,bus_5116,15,13.72772524345,13.72772524345,1366,0.9,2040,2040-12-01
Medium_storage_61,Medium storage,bus_3568,11,77.00003991720001,77.00003991720001,636,0.9,2040,2040-12-01
Coordinated_CER_storage_79,Coordinated CER storage,bus_3633,11,176.67721709329996,176.67721709329996,1389,0.9,2040,2040-12-01
Medium_storage_62,Medium storage,bus_5168,15,2.9636000000000003e-06,2.9636000000000003e-06,1517,0.9,2040,2040-12-01
Coordinated_CER_storage_80,Coordinated CER storage,bus_2111,6,194.414320415,194.414320415,1591,0.9,2040,2040-12-01
Passive_CER_storage_80,Passive CER storage,bus_2214,6,38.12954788,38.12954788,1269,0.9,2040,2040-12-01
Medium_storage_63,Medium storage,bus_1120,2,223.66601239560003,223.66601239560003,1427,0.9,2040,2040-12-01
Shallow_storage_29,Shallow storage,bus_2109,6,59.38608812380001,59.38608812380001,803,0.9,2040,2040-12-01
Passive_CER_storage_81,Passive CER storage,bus_3534,11,32.5117676158,32.5117676158,1903,0.9,2041,2041-12-01
Medium_storage_64,Medium storage,bus_2146,6,14.0000180428,14.0000180428,614,0.9,2041,2041-12-01
Shallow_storage_30,Shallow storage,bus_4125,13,15.162999999999997,15.162999999999997,809,0.9,2041,2041-12-01
Passive_CER_storage_82,Passive CER storage,bus_4257,14,15.195280835799998,15.195280835799998,649,0.9,2041,2041-12-01
Medium_storage_65,Medium storage,bus_4137,13,2.532e-05,2.532e-05,404,0.9,2041,2041-12-01
Coordinated_CER_storage_81,Coordinated CER storage,bus_4226,14,66.51883482535,66.51883482535,270,0.9,2041,2041-12-01
Passive_CER_storage_83,Passive CER storage,bus_5100,15,3.20578239,3.20578239,154,0.9,2041,2041-12-01
Coordinated_CER_storage_82,Coordinated CER storage,bus_1289,3,286.64839310900004,286.64839310900004,1367,0.9,2041,2041-12-01
Passive_CER_storage_84,Passive CER storage,bus_1189,2,44.617808527,44.617808527,170,0.9,2041,2041-12-01
Coordinated_CER_storage_83,Coordinated CER storage,bus_5116,15,15.5830362915,15.5830362915,1366,0.9,2041,2041-12-01
Medium_storage_66,Medium storage,bus_3568,11,77.000040624,77.000040624,636,0.9,2041,2041-12-01
Coordinated_CER_storage_84,Coordinated CER storage,bus_3633,11,196.5960681648,196.5960681648,1389,0.9,2041,2041-12-01
Shallow_storage_31,Shallow storage,bus_1240,2,64.3985318555,64.3985318555,733,0.9,2041,2041-12-01
Deep_storage_23,Deep storage,bus_2208,6,0.00017874,0.00017874,1532,0.9,2041,2041-12-01
Coordinated_CER_storage_85,Coordinated CER storage,bus_2111,6,217.241020965,217.241020965,1591,0.9,2041,2041-12-01
Passive_CER_storage_85,Passive CER storage,bus_2214,6,38.63506886,38.63506886,1269,0.9,2041,2041-12-01
Medium_storage_67,Medium storage,bus_1120,2,223.6660129212,223.6660129212,1427,0.9,2041,2041-12-01
Passive_CER_storage_86,Passive CER storage,bus_3534,11,32.6537407699,32.6537407699,1903,0.9,2042,2042-12-01
Medium_storage_68,Medium storage,bus_2146,6,14.0000182016,14.0000182016,614,0.9,2042,2042-12-01
Shallow_storage_32,Shallow storage,bus_4125,13,12.535599999999995,12.535599999999995,809,0.9,2042,2042-12-01
Passive_CER_storage_87,Passive CER storage,bus_4257,14,15.1114314293,15.1114314293,649,0.9,2042,2042-12-01
Medium_storage_69,Medium storage,bus_4137,13,2.6431199999999995e-05,2.6431199999999995e-05,404,0.9,2042,2042-12-01
Coordinated_CER_storage_86,Coordinated CER storage,bus_4226,14,72.7527946911,72.7527946911,270,0.9,2042,2042-12-01
Passive_CER_storage_88,Passive CER storage,bus_5100,15,3.1721543960000003,3.1721543960000003,154,0.9,2042,2042-12-01
Coordinated_CER_storage_87,Coordinated CER storage,bus_1289,3,315.933298948,315.933298948,1367,0.9,2042,2042-12-01
Deep_storage_24,Deep storage,bus_4112,13,4.1088e-06,4.1088e-06,402,0.9,2042,2042-12-01
Passive_CER_storage_89,Passive CER storage,bus_1189,2,44.487281833,44.487281833,170,0.9,2042,2042-12-01
Coordinated_CER_storage_88,Coordinated CER storage,bus_5116,15,17.559272887,17.559272887,1366,0.9,2042,2042-12-01
Deep_storage_25,Deep storage,bus_1119,2,302.710025632,302.710025632,1910,0.9,2042,2042-12-01
Medium_storage_70,Medium storage,bus_3568,11,77.0000410852,77.0000410852,636,0.9,2042,2042-12-01
Coordinated_CER_storage_89,Coordinated CER storage,bus_3633,11,217.56048055855,217.56048055855,1389,0.9,2042,2042-12-01
Shallow_storage_33,Shallow storage,bus_1240,2,65.3698518555,65.3698518555,733,0.9,2042,2042-12-01
Medium_storage_71,Medium storage,bus_5168,15,3.1616e-06,3.1616e-06,1517,0.9,2042,2042-12-01
Coordinated_CER_storage_90,Coordinated CER storage,bus_2111,6,241.400020585,241.400020585,1591,0.9,2042,2042-12-01
Passive_CER_storage_90,Passive CER storage,bus_2214,6,39.05769127,39.05769127,1269,0.9,2042,2042-12-01
Medium_storage_72,Medium storage,bus_1120,2,225.266814142,225.266814142,1427,0.9,2042,2042-12-01
Shallow_storage_34,Shallow storage,bus_2109,6,58.26108812380001,58.26108812380001,803,0.9,2042,2042-12-01
Passive_CER_storage_91,Passive CER storage,bus_3534,11,32.8621524387,32.8621524387,1903,0.9,2043,2043-12-01
Shallow_storage_35,Shallow storage,bus_4125,13,8.655999999999999,8.655999999999999,809,0.9,2043,2043-12-01
Passive_CER_storage_92,Passive CER storage,bus_4257,14,15.1199187631,15.1199187631,649,0.9,2043,2043-12-01
Medium_storage_73,Medium storage,bus_4137,13,22.345223698799995,22.345223698799995,404,0.9,2043,2043-12-01
Coordinated_CER_storage_91,Coordinated CER storage,bus_4226,14,79.39990156955,79.39990156955,270,0.9,2043,2043-12-01
Passive_CER_storage_93,Passive CER storage,bus_5100,15,3.138485823,3.138485823,154,0.9,2043,2043-12-01
Coordinated_CER_storage_92,Coordinated CER storage,bus_1289,3,347.10634036550005,347.10634036550005,1367,0.9,2043,2043-12-01
Passive_CER_storage_94,Passive CER storage,bus_1189,2,44.718526773,44.718526773,170,0.9,2043,2043-12-01
Coordinated_CER_storage_93,Coordinated CER storage,bus_5116,15,19.677240241000003,19.677240241000003,1366,0.9,2043,2043-12-01
Deep_storage_26,Deep storage,bus_1119,2,422.7099979576001,422.7099979576001,1910,0.9,2043,2043-12-01
Medium_storage_74,Medium storage,bus_3568,11,77.0000446972,77.0000446972,636,0.9,2043,2043-12-01
Coordinated_CER_storage_94,Coordinated CER storage,bus_3633,11,239.76947240475,239.76947240475,1389,0.9,2043,2043-12-01
Shallow_storage_36,Shallow storage,bus_1240,2,63.8985318555,63.8985318555,733,0.9,2043,2043-12-01
Deep_storage_27,Deep storage,bus_2208,6,0.0001802232,0.0001802232,1532,0.9,2043,2043-12-01
Deep_storage_28,Deep storage,bus_5169,15,328.0799986272,328.0799986272,702,0.9,2043,2043-12-01
Medium_storage_75,Medium storage,bus_5168,15,4.1308e-06,4.1308e-06,1517,0.9,2043,2043-12-01
Coordinated_CER_storage_95,Coordinated CER storage,bus_2111,6,267.29835936,267.29835936,1591,0.9,2043,2043-12-01
Shallow_storage_37,Shallow storage,bus_3039,9,26.4212,26.4212,1843,0.9,2043,2043-12-01
Passive_CER_storage_95,Passive CER storage,bus_2214,6,39.79732746,39.79732746,1269,0.9,2043,2043-12-01
Medium_storage_76,Medium storage,bus_1120,2,223.6660157644,223.6660157644,1427,0.9,2043,2043-12-01
Shallow_storage_38,Shallow storage,bus_2109,6,54.3930881238,54.3930881238,803,0.9,2043,2043-12-01
Passive_CER_storage_96,Passive CER storage,bus_3534,11,33.3443793939,33.3443793939,1903,0.9,2044,2044-12-01
Medium_storage_77,Medium storage,bus_2146,6,14.0000182768,14.0000182768,614,0.9,2044,2044-12-01
Shallow_storage_39,Shallow storage,bus_4125,13,5.516000000000002,5.516000000000002,809,0.9,2044,2044-12-01
Passive_CER_storage_97,Passive CER storage,bus_4257,14,15.117573185300005,15.117573185300005,649,0.9,2044,2044-12-01
Medium_storage_78,Medium storage,bus_4137,13,22.345224278,22.345224278,404,0.9,2044,2044-12-01
Coordinated_CER_storage_96,Coordinated CER storage,bus_4226,14,86.33336547929997,86.33336547929997,270,0.9,2044,2044-12-01
Passive_CER_storage_98,Passive CER storage,bus_5100,15,3.10254679,3.10254679,154,0.9,2044,2044-12-01
Coordinated_CER_storage_97,Coordinated CER storage,bus_1289,3,379.8055813745,379.8055813745,1367,0.9,2044,2044-12-01
Deep_storage_29,Deep storage,bus_4112,13,4.5168e-06,4.5168e-06,402,0.9,2044,2044-12-01
Passive_CER_storage_99,Passive CER storage,bus_1189,2,45.06948688400001,45.06948688400001,170,0.9,2044,2044-12-01
Coordinated_CER_storage_98,Coordinated CER storage,bus_5116,15,21.9208867365,21.9208867365,1366,0.9,2044,2044-12-01
Medium_storage_79,Medium storage,bus_3568,11,77.0000473624,77.0000473624,636,0.9,2044,2044-12-01
Coordinated_CER_storage_99,Coordinated CER storage,bus_3633,11,263.27937109970003,263.27937109970003,1389,0.9,2044,2044-12-01
Shallow_storage_40,Shallow storage,bus_1240,2,54.39185185550001,54.39185185550001,733,0.9,2044,2044-12-01
Medium_storage_80,Medium storage,bus_5168,15,4.22e-06,4.22e-06,1517,0.9,2044,2044-12-01
Coordinated_CER_storage_100,Coordinated CER storage,bus_2111,6,294.72422912,294.72422912,1591,0.9,2044,2044-12-01
Shallow_storage_41,Shallow storage,bus_3039,9,17.4212,17.4212,1843,0.9,2044,2044-12-01
Passive_CER_storage_100,Passive CER storage,bus_2214,6,40.73097874,40.73097874,1269,0.9,2044,2044-12-01
Medium_storage_81,Medium storage,bus_1120,2,168.41922396040002,168.41922396040002,1427,0.9,2044,2044-12-01
Shallow_storage_42,Shallow storage,bus_2109,6,49.8648881238,49.8648881238,803,0.9,2044,2044-12-01
