timestamp,original_daily_timestamp,TAS_hydro,Summer_Year,QLD_hydro,NSW_hydro,VIC_hydro,SA_hydro
2024-12-01,2024-12-01,23.1496392716656,2025,23.1496392716656,23.1496392716656,23.1496392716656,23.1496392716656
2024-12-04,2024-12-02,23.1496392716656,2025,23.1496392716656,23.1496392716656,23.1496392716656,23.1496392716656
2024-12-07,2024-12-03,23.1496392716656,2025,23.1496392716656,23.1496392716656,23.1496392716656,23.1496392716656
2024-12-10,2024-12-04,23.1496392716656,2025,23.1496392716656,23.1496392716656,23.1496392716656,23.1496392716656
2024-12-13,2024-12-05,23.1496392716656,2025,23.1496392716656,23.1496392716656,23.1496392716656,23.1496392716656
2024-12-16,2024-12-06,23.1496392716656,2025,23.1496392716656,23.1496392716656,23.1496392716656,23.1496392716656
2024-12-19,2024-12-07,23.1496392716656,2025,23.1496392716656,23.1496392716656,23.1496392716656,23.1496392716656
2024-12-22,2024-12-08,23.1496392716656,2025,23.1496392716656,23.1496392716656,23.1496392716656,23.1496392716656
2024-12-25,2024-12-09,23.1496392716656,2025,23.1496392716656,23.1496392716656,23.1496392716656,23.1496392716656
2024-12-28,2024-12-10,23.1496392716656,2025,23.1496392716656,23.1496392716656,23.1496392716656,23.1496392716656
2024-12-31,2024-12-11,23.1496392716656,2025,23.1496392716656,23.1496392716656,23.1496392716656,23.1496392716656
2025-01-03,2024-12-12,23.1496392716656,2025,23.1496392716656,23.1496392716656,23.1496392716656,23.1496392716656
2025-01-06,2024-12-13,23.1496392716656,2025,23.1496392716656,23.1496392716656,23.1496392716656,23.1496392716656
2025-01-09,2024-12-14,23.1496392716656,2025,23.1496392716656,23.1496392716656,23.1496392716656,23.1496392716656
2025-01-12,2024-12-15,23.1496392716656,2025,23.1496392716656,23.1496392716656,23.1496392716656,23.1496392716656
2025-01-15,2024-12-16,23.1496392716656,2025,23.1496392716656,23.1496392716656,23.1496392716656,23.1496392716656
2025-01-18,2024-12-17,23.1496392716656,2025,23.1496392716656,23.1496392716656,23.1496392716656,23.1496392716656
2025-01-21,2024-12-18,23.1496392716656,2025,23.1496392716656,23.1496392716656,23.1496392716656,23.1496392716656
2025-01-24,2024-12-19,23.1496392716656,2025,23.1496392716656,23.1496392716656,23.1496392716656,23.1496392716656
2025-01-27,2024-12-20,23.1496392716656,2025,23.1496392716656,23.1496392716656,23.1496392716656,23.1496392716656
2025-01-30,2024-12-21,23.1496392716656,2025,23.1496392716656,23.1496392716656,23.1496392716656,23.1496392716656
2025-02-02,2024-12-22,23.1496392716656,2025,23.1496392716656,23.1496392716656,23.1496392716656,23.1496392716656
2025-02-05,2024-12-23,23.1496392716656,2025,23.1496392716656,23.1496392716656,23.1496392716656,23.1496392716656
2025-02-08,2024-12-24,23.1496392716656,2025,23.1496392716656,23.1496392716656,23.1496392716656,23.1496392716656
2025-02-11,2024-12-25,23.1496392716656,2025,23.1496392716656,23.1496392716656,23.1496392716656,23.1496392716656
2025-02-14,2024-12-26,23.1496392716656,2025,23.1496392716656,23.1496392716656,23.1496392716656,23.1496392716656
2025-02-17,2024-12-27,23.1496392716656,2025,23.1496392716656,23.1496392716656,23.1496392716656,23.1496392716656
2025-02-20,2024-12-28,23.1496392716656,2025,23.1496392716656,23.1496392716656,23.1496392716656,23.1496392716656
2025-02-23,2024-12-29,23.1496392716656,2025,23.1496392716656,23.1496392716656,23.1496392716656,23.1496392716656
2025-02-26,2024-12-30,23.1496392716656,2025,23.1496392716656,23.1496392716656,23.1496392716656,23.1496392716656
2025-03-01,2024-12-31,23.1496392716656,2025,23.1496392716656,23.1496392716656,23.1496392716656,23.1496392716656
2025-03-04,2025-01-01,3.00423791004235,2025,3.00423791004235,3.00423791004235,3.00423791004235,3.00423791004235
2025-03-07,2025-01-02,3.00423791004235,2025,3.00423791004235,3.00423791004235,3.00423791004235,3.00423791004235
2025-03-10,2025-01-03,3.00423791004235,2025,3.00423791004235,3.00423791004235,3.00423791004235,3.00423791004235
2025-03-13,2025-01-04,3.00423791004235,2025,3.00423791004235,3.00423791004235,3.00423791004235,3.00423791004235
2025-03-16,2025-01-05,3.00423791004235,2025,3.00423791004235,3.00423791004235,3.00423791004235,3.00423791004235
2025-03-19,2025-01-06,3.00423791004235,2025,3.00423791004235,3.00423791004235,3.00423791004235,3.00423791004235
2025-03-22,2025-01-07,3.00423791004235,2025,3.00423791004235,3.00423791004235,3.00423791004235,3.00423791004235
2025-03-25,2025-01-08,3.00423791004235,2025,3.00423791004235,3.00423791004235,3.00423791004235,3.00423791004235
2025-03-28,2025-01-09,3.00423791004235,2025,3.00423791004235,3.00423791004235,3.00423791004235,3.00423791004235
2025-03-31,2025-01-10,3.00423791004235,2025,3.00423791004235,3.00423791004235,3.00423791004235,3.00423791004235
2025-04-03,2025-01-11,3.00423791004235,2025,3.00423791004235,3.00423791004235,3.00423791004235,3.00423791004235
2025-04-06,2025-01-12,3.00423791004235,2025,3.00423791004235,3.00423791004235,3.00423791004235,3.00423791004235
2025-04-09,2025-01-13,3.00423791004235,2025,3.00423791004235,3.00423791004235,3.00423791004235,3.00423791004235
2025-04-12,2025-01-14,3.00423791004235,2025,3.00423791004235,3.00423791004235,3.00423791004235,3.00423791004235
2025-04-15,2025-01-15,3.00423791004235,2025,3.00423791004235,3.00423791004235,3.00423791004235,3.00423791004235
2025-04-18,2025-01-16,3.00423791004235,2025,3.00423791004235,3.00423791004235,3.00423791004235,3.00423791004235
2025-04-21,2025-01-17,3.00423791004235,2025,3.00423791004235,3.00423791004235,3.00423791004235,3.00423791004235
2025-04-24,2025-01-18,3.00423791004235,2025,3.00423791004235,3.00423791004235,3.00423791004235,3.00423791004235
2025-04-27,2025-01-19,3.00423791004235,2025,3.00423791004235,3.00423791004235,3.00423791004235,3.00423791004235
2025-04-30,2025-01-20,3.00423791004235,2025,3.00423791004235,3.00423791004235,3.00423791004235,3.00423791004235
2025-05-03,2025-01-21,3.00423791004235,2025,3.00423791004235,3.00423791004235,3.00423791004235,3.00423791004235
2025-05-06,2025-01-22,3.00423791004235,2025,3.00423791004235,3.00423791004235,3.00423791004235,3.00423791004235
2025-05-09,2025-01-23,3.00423791004235,2025,3.00423791004235,3.00423791004235,3.00423791004235,3.00423791004235
2025-05-12,2025-01-24,3.00423791004235,2025,3.00423791004235,3.00423791004235,3.00423791004235,3.00423791004235
2025-05-15,2025-01-25,3.00423791004235,2025,3.00423791004235,3.00423791004235,3.00423791004235,3.00423791004235
2025-05-18,2025-01-26,3.00423791004235,2025,3.00423791004235,3.00423791004235,3.00423791004235,3.00423791004235
2025-05-21,2025-01-27,3.00423791004235,2025,3.00423791004235,3.00423791004235,3.00423791004235,3.00423791004235
2025-05-24,2025-01-28,3.00423791004235,2025,3.00423791004235,3.00423791004235,3.00423791004235,3.00423791004235
2025-05-27,2025-01-29,3.00423791004235,2025,3.00423791004235,3.00423791004235,3.00423791004235,3.00423791004235
2025-05-30,2025-01-30,3.00423791004235,2025,3.00423791004235,3.00423791004235,3.00423791004235,3.00423791004235
2025-06-02,2025-01-31,3.00423791004235,2025,3.00423791004235,3.00423791004235,3.00423791004235,3.00423791004235
2025-06-05,2025-02-01,28.87920094071,2025,28.87920094071,28.87920094071,28.87920094071,28.87920094071
2025-06-08,2025-02-02,28.87920094071,2025,28.87920094071,28.87920094071,28.87920094071,28.87920094071
2025-06-11,2025-02-03,28.87920094071,2025,28.87920094071,28.87920094071,28.87920094071,28.87920094071
2025-06-14,2025-02-04,28.87920094071,2025,28.87920094071,28.87920094071,28.87920094071,28.87920094071
2025-06-17,2025-02-05,28.87920094071,2025,28.87920094071,28.87920094071,28.87920094071,28.87920094071
2025-06-20,2025-02-06,28.87920094071,2025,28.87920094071,28.87920094071,28.87920094071,28.87920094071
2025-06-23,2025-02-07,28.87920094071,2025,28.87920094071,28.87920094071,28.87920094071,28.87920094071
2025-06-26,2025-02-08,28.87920094071,2025,28.87920094071,28.87920094071,28.87920094071,28.87920094071
2025-06-29,2025-02-09,28.87920094071,2025,28.87920094071,28.87920094071,28.87920094071,28.87920094071
2025-07-02,2025-02-10,28.87920094071,2025,28.87920094071,28.87920094071,28.87920094071,28.87920094071
2025-07-05,2025-02-11,28.87920094071,2025,28.87920094071,28.87920094071,28.87920094071,28.87920094071
2025-07-08,2025-02-12,28.87920094071,2025,28.87920094071,28.87920094071,28.87920094071,28.87920094071
2025-07-11,2025-02-13,28.87920094071,2025,28.87920094071,28.87920094071,28.87920094071,28.87920094071
2025-07-14,2025-02-14,28.87920094071,2025,28.87920094071,28.87920094071,28.87920094071,28.87920094071
2025-07-17,2025-02-15,28.87920094071,2025,28.87920094071,28.87920094071,28.87920094071,28.87920094071
2025-07-20,2025-02-16,28.87920094071,2025,28.87920094071,28.87920094071,28.87920094071,28.87920094071
2025-07-23,2025-02-17,28.87920094071,2025,28.87920094071,28.87920094071,28.87920094071,28.87920094071
2025-07-26,2025-02-18,28.87920094071,2025,28.87920094071,28.87920094071,28.87920094071,28.87920094071
2025-07-29,2025-02-19,28.87920094071,2025,28.87920094071,28.87920094071,28.87920094071,28.87920094071
2025-08-01,2025-02-20,28.87920094071,2025,28.87920094071,28.87920094071,28.87920094071,28.87920094071
2025-08-04,2025-02-21,28.87920094071,2025,28.87920094071,28.87920094071,28.87920094071,28.87920094071
2025-08-07,2025-02-22,28.87920094071,2025,28.87920094071,28.87920094071,28.87920094071,28.87920094071
2025-08-10,2025-02-23,28.87920094071,2025,28.87920094071,28.87920094071,28.87920094071,28.87920094071
2025-08-13,2025-02-24,28.87920094071,2025,28.87920094071,28.87920094071,28.87920094071,28.87920094071
2025-08-16,2025-02-25,28.87920094071,2025,28.87920094071,28.87920094071,28.87920094071,28.87920094071
2025-08-19,2025-02-26,28.87920094071,2025,28.87920094071,28.87920094071,28.87920094071,28.87920094071
2025-08-22,2025-02-27,28.87920094071,2025,28.87920094071,28.87920094071,28.87920094071,28.87920094071
2025-08-25,2025-02-28,28.87920094071,2025,28.87920094071,28.87920094071,28.87920094071,28.87920094071
2025-08-28,2025-12-01,75.4777322759796,2026,75.4777322759796,75.4777322759796,75.4777322759796,75.4777322759796
2025-08-31,2025-12-02,75.4777322759796,2026,75.4777322759796,75.4777322759796,75.4777322759796,75.4777322759796
2025-09-03,2025-12-03,75.4777322759796,2026,75.4777322759796,75.4777322759796,75.4777322759796,75.4777322759796
2025-09-06,2025-12-04,75.4777322759796,2026,75.4777322759796,75.4777322759796,75.4777322759796,75.4777322759796
2025-09-09,2025-12-05,75.4777322759796,2026,75.4777322759796,75.4777322759796,75.4777322759796,75.4777322759796
2025-09-12,2025-12-06,75.4777322759796,2026,75.4777322759796,75.4777322759796,75.4777322759796,75.4777322759796
2025-09-15,2025-12-07,75.4777322759796,2026,75.4777322759796,75.4777322759796,75.4777322759796,75.4777322759796
2025-09-18,2025-12-08,75.4777322759796,2026,75.4777322759796,75.4777322759796,75.4777322759796,75.4777322759796
2025-09-21,2025-12-09,75.4777322759796,2026,75.4777322759796,75.4777322759796,75.4777322759796,75.4777322759796
2025-09-24,2025-12-10,75.4777322759796,2026,75.4777322759796,75.4777322759796,75.4777322759796,75.4777322759796
2025-09-27,2025-12-11,75.4777322759796,2026,75.4777322759796,75.4777322759796,75.4777322759796,75.4777322759796
2025-09-30,2025-12-12,75.4777322759796,2026,75.4777322759796,75.4777322759796,75.4777322759796,75.4777322759796
2025-10-03,2025-12-13,75.4777322759796,2026,75.4777322759796,75.4777322759796,75.4777322759796,75.4777322759796
2025-10-06,2025-12-14,75.4777322759796,2026,75.4777322759796,75.4777322759796,75.4777322759796,75.4777322759796
2025-10-09,2025-12-15,75.4777322759796,2026,75.4777322759796,75.4777322759796,75.4777322759796,75.4777322759796
2025-10-12,2025-12-16,75.4777322759796,2026,75.4777322759796,75.4777322759796,75.4777322759796,75.4777322759796
2025-10-15,2025-12-17,75.4777322759796,2026,75.4777322759796,75.4777322759796,75.4777322759796,75.4777322759796
2025-10-18,2025-12-18,75.4777322759796,2026,75.4777322759796,75.4777322759796,75.4777322759796,75.4777322759796
2025-10-21,2025-12-19,75.4777322759796,2026,75.4777322759796,75.4777322759796,75.4777322759796,75.4777322759796
2025-10-24,2025-12-20,75.4777322759796,2026,75.4777322759796,75.4777322759796,75.4777322759796,75.4777322759796
2025-10-27,2025-12-21,75.4777322759796,2026,75.4777322759796,75.4777322759796,75.4777322759796,75.4777322759796
2025-10-30,2025-12-22,75.4777322759796,2026,75.4777322759796,75.4777322759796,75.4777322759796,75.4777322759796
2025-11-02,2025-12-23,75.4777322759796,2026,75.4777322759796,75.4777322759796,75.4777322759796,75.4777322759796
2025-11-05,2025-12-24,75.4777322759796,2026,75.4777322759796,75.4777322759796,75.4777322759796,75.4777322759796
2025-11-08,2025-12-25,75.4777322759796,2026,75.4777322759796,75.4777322759796,75.4777322759796,75.4777322759796
2025-11-11,2025-12-26,75.4777322759796,2026,75.4777322759796,75.4777322759796,75.4777322759796,75.4777322759796
2025-11-14,2025-12-27,75.4777322759796,2026,75.4777322759796,75.4777322759796,75.4777322759796,75.4777322759796
2025-11-17,2025-12-28,75.4777322759796,2026,75.4777322759796,75.4777322759796,75.4777322759796,75.4777322759796
2025-11-20,2025-12-29,75.4777322759796,2026,75.4777322759796,75.4777322759796,75.4777322759796,75.4777322759796
2025-11-23,2025-12-30,75.4777322759796,2026,75.4777322759796,75.4777322759796,75.4777322759796,75.4777322759796
2025-11-26,2025-12-31,75.4777322759796,2026,75.4777322759796,75.4777322759796,75.4777322759796,75.4777322759796
2025-11-29,2026-01-01,21.5600227883754,2026,21.5600227883754,21.5600227883754,21.5600227883754,21.5600227883754
2025-12-02,2026-01-02,21.5600227883754,2026,21.5600227883754,21.5600227883754,21.5600227883754,21.5600227883754
2025-12-05,2026-01-03,21.5600227883754,2026,21.5600227883754,21.5600227883754,21.5600227883754,21.5600227883754
2025-12-08,2026-01-04,21.5600227883754,2026,21.5600227883754,21.5600227883754,21.5600227883754,21.5600227883754
2025-12-11,2026-01-05,21.5600227883754,2026,21.5600227883754,21.5600227883754,21.5600227883754,21.5600227883754
2025-12-14,2026-01-06,21.5600227883754,2026,21.5600227883754,21.5600227883754,21.5600227883754,21.5600227883754
2025-12-17,2026-01-07,21.5600227883754,2026,21.5600227883754,21.5600227883754,21.5600227883754,21.5600227883754
2025-12-20,2026-01-08,21.5600227883754,2026,21.5600227883754,21.5600227883754,21.5600227883754,21.5600227883754
2025-12-23,2026-01-09,21.5600227883754,2026,21.5600227883754,21.5600227883754,21.5600227883754,21.5600227883754
2025-12-26,2026-01-10,21.5600227883754,2026,21.5600227883754,21.5600227883754,21.5600227883754,21.5600227883754
2025-12-29,2026-01-11,21.5600227883754,2026,21.5600227883754,21.5600227883754,21.5600227883754,21.5600227883754
2026-01-01,2026-01-12,21.5600227883754,2026,21.5600227883754,21.5600227883754,21.5600227883754,21.5600227883754
2026-01-04,2026-01-13,21.5600227883754,2026,21.5600227883754,21.5600227883754,21.5600227883754,21.5600227883754
2026-01-07,2026-01-14,21.5600227883754,2026,21.5600227883754,21.5600227883754,21.5600227883754,21.5600227883754
2026-01-10,2026-01-15,21.5600227883754,2026,21.5600227883754,21.5600227883754,21.5600227883754,21.5600227883754
2026-01-13,2026-01-16,21.5600227883754,2026,21.5600227883754,21.5600227883754,21.5600227883754,21.5600227883754
2026-01-16,2026-01-17,21.5600227883754,2026,21.5600227883754,21.5600227883754,21.5600227883754,21.5600227883754
2026-01-19,2026-01-18,21.5600227883754,2026,21.5600227883754,21.5600227883754,21.5600227883754,21.5600227883754
2026-01-22,2026-01-19,21.5600227883754,2026,21.5600227883754,21.5600227883754,21.5600227883754,21.5600227883754
2026-01-25,2026-01-20,21.5600227883754,2026,21.5600227883754,21.5600227883754,21.5600227883754,21.5600227883754
2026-01-28,2026-01-21,21.5600227883754,2026,21.5600227883754,21.5600227883754,21.5600227883754,21.5600227883754
2026-01-31,2026-01-22,21.5600227883754,2026,21.5600227883754,21.5600227883754,21.5600227883754,21.5600227883754
2026-02-03,2026-01-23,21.5600227883754,2026,21.5600227883754,21.5600227883754,21.5600227883754,21.5600227883754
2026-02-06,2026-01-24,21.5600227883754,2026,21.5600227883754,21.5600227883754,21.5600227883754,21.5600227883754
2026-02-09,2026-01-25,21.5600227883754,2026,21.5600227883754,21.5600227883754,21.5600227883754,21.5600227883754
2026-02-12,2026-01-26,21.5600227883754,2026,21.5600227883754,21.5600227883754,21.5600227883754,21.5600227883754
2026-02-15,2026-01-27,21.5600227883754,2026,21.5600227883754,21.5600227883754,21.5600227883754,21.5600227883754
2026-02-18,2026-01-28,21.5600227883754,2026,21.5600227883754,21.5600227883754,21.5600227883754,21.5600227883754
2026-02-21,2026-01-29,21.5600227883754,2026,21.5600227883754,21.5600227883754,21.5600227883754,21.5600227883754
2026-02-24,2026-01-30,21.5600227883754,2026,21.5600227883754,21.5600227883754,21.5600227883754,21.5600227883754
2026-02-27,2026-01-31,21.5600227883754,2026,21.5600227883754,21.5600227883754,21.5600227883754,21.5600227883754
2026-03-02,2026-02-01,20.4472633723819,2026,20.4472633723819,20.4472633723819,20.4472633723819,20.4472633723819
2026-03-05,2026-02-02,20.4472633723819,2026,20.4472633723819,20.4472633723819,20.4472633723819,20.4472633723819
2026-03-08,2026-02-03,20.4472633723819,2026,20.4472633723819,20.4472633723819,20.4472633723819,20.4472633723819
2026-03-11,2026-02-04,20.4472633723819,2026,20.4472633723819,20.4472633723819,20.4472633723819,20.4472633723819
2026-03-14,2026-02-05,20.4472633723819,2026,20.4472633723819,20.4472633723819,20.4472633723819,20.4472633723819
2026-03-17,2026-02-06,20.4472633723819,2026,20.4472633723819,20.4472633723819,20.4472633723819,20.4472633723819
2026-03-20,2026-02-07,20.4472633723819,2026,20.4472633723819,20.4472633723819,20.4472633723819,20.4472633723819
2026-03-23,2026-02-08,20.4472633723819,2026,20.4472633723819,20.4472633723819,20.4472633723819,20.4472633723819
2026-03-26,2026-02-09,20.4472633723819,2026,20.4472633723819,20.4472633723819,20.4472633723819,20.4472633723819
2026-03-29,2026-02-10,20.4472633723819,2026,20.4472633723819,20.4472633723819,20.4472633723819,20.4472633723819
2026-04-01,2026-02-11,20.4472633723819,2026,20.4472633723819,20.4472633723819,20.4472633723819,20.4472633723819
2026-04-04,2026-02-12,20.4472633723819,2026,20.4472633723819,20.4472633723819,20.4472633723819,20.4472633723819
2026-04-07,2026-02-13,20.4472633723819,2026,20.4472633723819,20.4472633723819,20.4472633723819,20.4472633723819
2026-04-10,2026-02-14,20.4472633723819,2026,20.4472633723819,20.4472633723819,20.4472633723819,20.4472633723819
2026-04-13,2026-02-15,20.4472633723819,2026,20.4472633723819,20.4472633723819,20.4472633723819,20.4472633723819
2026-04-16,2026-02-16,20.4472633723819,2026,20.4472633723819,20.4472633723819,20.4472633723819,20.4472633723819
2026-04-19,2026-02-17,20.4472633723819,2026,20.4472633723819,20.4472633723819,20.4472633723819,20.4472633723819
2026-04-22,2026-02-18,20.4472633723819,2026,20.4472633723819,20.4472633723819,20.4472633723819,20.4472633723819
2026-04-25,2026-02-19,20.4472633723819,2026,20.4472633723819,20.4472633723819,20.4472633723819,20.4472633723819
2026-04-28,2026-02-20,20.4472633723819,2026,20.4472633723819,20.4472633723819,20.4472633723819,20.4472633723819
2026-05-01,2026-02-21,20.4472633723819,2026,20.4472633723819,20.4472633723819,20.4472633723819,20.4472633723819
2026-05-04,2026-02-22,20.4472633723819,2026,20.4472633723819,20.4472633723819,20.4472633723819,20.4472633723819
2026-05-07,2026-02-23,20.4472633723819,2026,20.4472633723819,20.4472633723819,20.4472633723819,20.4472633723819
2026-05-10,2026-02-24,20.4472633723819,2026,20.4472633723819,20.4472633723819,20.4472633723819,20.4472633723819
2026-05-13,2026-02-25,20.4472633723819,2026,20.4472633723819,20.4472633723819,20.4472633723819,20.4472633723819
2026-05-16,2026-02-26,20.4472633723819,2026,20.4472633723819,20.4472633723819,20.4472633723819,20.4472633723819
2026-05-19,2026-02-27,20.4472633723819,2026,20.4472633723819,20.4472633723819,20.4472633723819,20.4472633723819
2026-05-22,2026-02-28,20.4472633723819,2026,20.4472633723819,20.4472633723819,20.4472633723819,20.4472633723819
2026-05-25,2026-12-01,37.7743903304876,2027,37.7743903304876,37.7743903304876,37.7743903304876,37.7743903304876
2026-05-28,2026-12-02,37.7743903304876,2027,37.7743903304876,37.7743903304876,37.7743903304876,37.7743903304876
2026-05-31,2026-12-03,37.7743903304876,2027,37.7743903304876,37.7743903304876,37.7743903304876,37.7743903304876
2026-06-03,2026-12-04,37.7743903304876,2027,37.7743903304876,37.7743903304876,37.7743903304876,37.7743903304876
2026-06-06,2026-12-05,37.7743903304876,2027,37.7743903304876,37.7743903304876,37.7743903304876,37.7743903304876
2026-06-09,2026-12-06,37.7743903304876,2027,37.7743903304876,37.7743903304876,37.7743903304876,37.7743903304876
2026-06-12,2026-12-07,37.7743903304876,2027,37.7743903304876,37.7743903304876,37.7743903304876,37.7743903304876
2026-06-15,2026-12-08,37.7743903304876,2027,37.7743903304876,37.7743903304876,37.7743903304876,37.7743903304876
2026-06-18,2026-12-09,37.7743903304876,2027,37.7743903304876,37.7743903304876,37.7743903304876,37.7743903304876
2026-06-21,2026-12-10,37.7743903304876,2027,37.7743903304876,37.7743903304876,37.7743903304876,37.7743903304876
2026-06-24,2026-12-11,37.7743903304876,2027,37.7743903304876,37.7743903304876,37.7743903304876,37.7743903304876
2026-06-27,2026-12-12,37.7743903304876,2027,37.7743903304876,37.7743903304876,37.7743903304876,37.7743903304876
2026-06-30,2026-12-13,37.7743903304876,2027,37.7743903304876,37.7743903304876,37.7743903304876,37.7743903304876
2026-07-03,2026-12-14,37.7743903304876,2027,37.7743903304876,37.7743903304876,37.7743903304876,37.7743903304876
2026-07-06,2026-12-15,37.7743903304876,2027,37.7743903304876,37.7743903304876,37.7743903304876,37.7743903304876
2026-07-09,2026-12-16,37.7743903304876,2027,37.7743903304876,37.7743903304876,37.7743903304876,37.7743903304876
2026-07-12,2026-12-17,37.7743903304876,2027,37.7743903304876,37.7743903304876,37.7743903304876,37.7743903304876
2026-07-15,2026-12-18,37.7743903304876,2027,37.7743903304876,37.7743903304876,37.7743903304876,37.7743903304876
2026-07-18,2026-12-19,37.7743903304876,2027,37.7743903304876,37.7743903304876,37.7743903304876,37.7743903304876
2026-07-21,2026-12-20,37.7743903304876,2027,37.7743903304876,37.7743903304876,37.7743903304876,37.7743903304876
2026-07-24,2026-12-21,37.7743903304876,2027,37.7743903304876,37.7743903304876,37.7743903304876,37.7743903304876
2026-07-27,2026-12-22,37.7743903304876,2027,37.7743903304876,37.7743903304876,37.7743903304876,37.7743903304876
2026-07-30,2026-12-23,37.7743903304876,2027,37.7743903304876,37.7743903304876,37.7743903304876,37.7743903304876
2026-08-02,2026-12-24,37.7743903304876,2027,37.7743903304876,37.7743903304876,37.7743903304876,37.7743903304876
2026-08-05,2026-12-25,37.7743903304876,2027,37.7743903304876,37.7743903304876,37.7743903304876,37.7743903304876
2026-08-08,2026-12-26,37.7743903304876,2027,37.7743903304876,37.7743903304876,37.7743903304876,37.7743903304876
2026-08-11,2026-12-27,37.7743903304876,2027,37.7743903304876,37.7743903304876,37.7743903304876,37.7743903304876
2026-08-14,2026-12-28,37.7743903304876,2027,37.7743903304876,37.7743903304876,37.7743903304876,37.7743903304876
2026-08-17,2026-12-29,37.7743903304876,2027,37.7743903304876,37.7743903304876,37.7743903304876,37.7743903304876
2026-08-20,2026-12-30,37.7743903304876,2027,37.7743903304876,37.7743903304876,37.7743903304876,37.7743903304876
2026-08-23,2026-12-31,37.7743903304876,2027,37.7743903304876,37.7743903304876,37.7743903304876,37.7743903304876
2026-08-26,2027-01-01,16.4718508230906,2027,16.4718508230906,16.4718508230906,16.4718508230906,16.4718508230906
2026-08-29,2027-01-02,16.4718508230906,2027,16.4718508230906,16.4718508230906,16.4718508230906,16.4718508230906
2026-09-01,2027-01-03,16.4718508230906,2027,16.4718508230906,16.4718508230906,16.4718508230906,16.4718508230906
2026-09-04,2027-01-04,16.4718508230906,2027,16.4718508230906,16.4718508230906,16.4718508230906,16.4718508230906
2026-09-07,2027-01-05,16.4718508230906,2027,16.4718508230906,16.4718508230906,16.4718508230906,16.4718508230906
2026-09-10,2027-01-06,16.4718508230906,2027,16.4718508230906,16.4718508230906,16.4718508230906,16.4718508230906
2026-09-13,2027-01-07,16.4718508230906,2027,16.4718508230906,16.4718508230906,16.4718508230906,16.4718508230906
2026-09-16,2027-01-08,16.4718508230906,2027,16.4718508230906,16.4718508230906,16.4718508230906,16.4718508230906
2026-09-19,2027-01-09,16.4718508230906,2027,16.4718508230906,16.4718508230906,16.4718508230906,16.4718508230906
2026-09-22,2027-01-10,16.4718508230906,2027,16.4718508230906,16.4718508230906,16.4718508230906,16.4718508230906
2026-09-25,2027-01-11,16.4718508230906,2027,16.4718508230906,16.4718508230906,16.4718508230906,16.4718508230906
2026-09-28,2027-01-12,16.4718508230906,2027,16.4718508230906,16.4718508230906,16.4718508230906,16.4718508230906
2026-10-01,2027-01-13,16.4718508230906,2027,16.4718508230906,16.4718508230906,16.4718508230906,16.4718508230906
2026-10-04,2027-01-14,16.4718508230906,2027,16.4718508230906,16.4718508230906,16.4718508230906,16.4718508230906
2026-10-07,2027-01-15,16.4718508230906,2027,16.4718508230906,16.4718508230906,16.4718508230906,16.4718508230906
2026-10-10,2027-01-16,16.4718508230906,2027,16.4718508230906,16.4718508230906,16.4718508230906,16.4718508230906
2026-10-13,2027-01-17,16.4718508230906,2027,16.4718508230906,16.4718508230906,16.4718508230906,16.4718508230906
2026-10-16,2027-01-18,16.4718508230906,2027,16.4718508230906,16.4718508230906,16.4718508230906,16.4718508230906
2026-10-19,2027-01-19,16.4718508230906,2027,16.4718508230906,16.4718508230906,16.4718508230906,16.4718508230906
2026-10-22,2027-01-20,16.4718508230906,2027,16.4718508230906,16.4718508230906,16.4718508230906,16.4718508230906
2026-10-25,2027-01-21,16.4718508230906,2027,16.4718508230906,16.4718508230906,16.4718508230906,16.4718508230906
2026-10-28,2027-01-22,16.4718508230906,2027,16.4718508230906,16.4718508230906,16.4718508230906,16.4718508230906
2026-10-31,2027-01-23,16.4718508230906,2027,16.4718508230906,16.4718508230906,16.4718508230906,16.4718508230906
2026-11-03,2027-01-24,16.4718508230906,2027,16.4718508230906,16.4718508230906,16.4718508230906,16.4718508230906
2026-11-06,2027-01-25,16.4718508230906,2027,16.4718508230906,16.4718508230906,16.4718508230906,16.4718508230906
2026-11-09,2027-01-26,16.4718508230906,2027,16.4718508230906,16.4718508230906,16.4718508230906,16.4718508230906
2026-11-12,2027-01-27,16.4718508230906,2027,16.4718508230906,16.4718508230906,16.4718508230906,16.4718508230906
2026-11-15,2027-01-28,16.4718508230906,2027,16.4718508230906,16.4718508230906,16.4718508230906,16.4718508230906
2026-11-18,2027-01-29,16.4718508230906,2027,16.4718508230906,16.4718508230906,16.4718508230906,16.4718508230906
2026-11-21,2027-01-30,16.4718508230906,2027,16.4718508230906,16.4718508230906,16.4718508230906,16.4718508230906
2026-11-24,2027-01-31,16.4718508230906,2027,16.4718508230906,16.4718508230906,16.4718508230906,16.4718508230906
2026-11-27,2027-02-01,26.5938118649466,2027,26.5938118649466,26.5938118649466,26.5938118649466,26.5938118649466
2026-11-30,2027-02-02,26.5938118649466,2027,26.5938118649466,26.5938118649466,26.5938118649466,26.5938118649466
2026-12-03,2027-02-03,26.5938118649466,2027,26.5938118649466,26.5938118649466,26.5938118649466,26.5938118649466
2026-12-06,2027-02-04,26.5938118649466,2027,26.5938118649466,26.5938118649466,26.5938118649466,26.5938118649466
2026-12-09,2027-02-05,26.5938118649466,2027,26.5938118649466,26.5938118649466,26.5938118649466,26.5938118649466
2026-12-12,2027-02-06,26.5938118649466,2027,26.5938118649466,26.5938118649466,26.5938118649466,26.5938118649466
2026-12-15,2027-02-07,26.5938118649466,2027,26.5938118649466,26.5938118649466,26.5938118649466,26.5938118649466
2026-12-18,2027-02-08,26.5938118649466,2027,26.5938118649466,26.5938118649466,26.5938118649466,26.5938118649466
2026-12-21,2027-02-09,26.5938118649466,2027,26.5938118649466,26.5938118649466,26.5938118649466,26.5938118649466
2026-12-24,2027-02-10,26.5938118649466,2027,26.5938118649466,26.5938118649466,26.5938118649466,26.5938118649466
2026-12-27,2027-02-11,26.5938118649466,2027,26.5938118649466,26.5938118649466,26.5938118649466,26.5938118649466
2026-12-30,2027-02-12,26.5938118649466,2027,26.5938118649466,26.5938118649466,26.5938118649466,26.5938118649466
2027-01-02,2027-02-13,26.5938118649466,2027,26.5938118649466,26.5938118649466,26.5938118649466,26.5938118649466
2027-01-05,2027-02-14,26.5938118649466,2027,26.5938118649466,26.5938118649466,26.5938118649466,26.5938118649466
2027-01-08,2027-02-15,26.5938118649466,2027,26.5938118649466,26.5938118649466,26.5938118649466,26.5938118649466
2027-01-11,2027-02-16,26.5938118649466,2027,26.5938118649466,26.5938118649466,26.5938118649466,26.5938118649466
2027-01-14,2027-02-17,26.5938118649466,2027,26.5938118649466,26.5938118649466,26.5938118649466,26.5938118649466
2027-01-17,2027-02-18,26.5938118649466,2027,26.5938118649466,26.5938118649466,26.5938118649466,26.5938118649466
2027-01-20,2027-02-19,26.5938118649466,2027,26.5938118649466,26.5938118649466,26.5938118649466,26.5938118649466
2027-01-23,2027-02-20,26.5938118649466,2027,26.5938118649466,26.5938118649466,26.5938118649466,26.5938118649466
2027-01-26,2027-02-21,26.5938118649466,2027,26.5938118649466,26.5938118649466,26.5938118649466,26.5938118649466
2027-01-29,2027-02-22,26.5938118649466,2027,26.5938118649466,26.5938118649466,26.5938118649466,26.5938118649466
2027-02-01,2027-02-23,26.5938118649466,2027,26.5938118649466,26.5938118649466,26.5938118649466,26.5938118649466
2027-02-04,2027-02-24,26.5938118649466,2027,26.5938118649466,26.5938118649466,26.5938118649466,26.5938118649466
2027-02-07,2027-02-25,26.5938118649466,2027,26.5938118649466,26.5938118649466,26.5938118649466,26.5938118649466
2027-02-10,2027-02-26,26.5938118649466,2027,26.5938118649466,26.5938118649466,26.5938118649466,26.5938118649466
2027-02-13,2027-02-27,26.5938118649466,2027,26.5938118649466,26.5938118649466,26.5938118649466,26.5938118649466
2027-02-16,2027-02-28,26.5938118649466,2027,26.5938118649466,26.5938118649466,26.5938118649466,26.5938118649466
2027-02-19,2027-12-01,10.6588856274865,2028,10.6588856274865,10.6588856274865,10.6588856274865,10.6588856274865
2027-02-22,2027-12-02,10.6588856274865,2028,10.6588856274865,10.6588856274865,10.6588856274865,10.6588856274865
2027-02-25,2027-12-03,10.6588856274865,2028,10.6588856274865,10.6588856274865,10.6588856274865,10.6588856274865
2027-02-28,2027-12-04,10.6588856274865,2028,10.6588856274865,10.6588856274865,10.6588856274865,10.6588856274865
2027-03-03,2027-12-05,10.6588856274865,2028,10.6588856274865,10.6588856274865,10.6588856274865,10.6588856274865
2027-03-06,2027-12-06,10.6588856274865,2028,10.6588856274865,10.6588856274865,10.6588856274865,10.6588856274865
2027-03-09,2027-12-07,10.6588856274865,2028,10.6588856274865,10.6588856274865,10.6588856274865,10.6588856274865
2027-03-12,2027-12-08,10.6588856274865,2028,10.6588856274865,10.6588856274865,10.6588856274865,10.6588856274865
2027-03-15,2027-12-09,10.6588856274865,2028,10.6588856274865,10.6588856274865,10.6588856274865,10.6588856274865
2027-03-18,2027-12-10,10.6588856274865,2028,10.6588856274865,10.6588856274865,10.6588856274865,10.6588856274865
2027-03-21,2027-12-11,10.6588856274865,2028,10.6588856274865,10.6588856274865,10.6588856274865,10.6588856274865
2027-03-24,2027-12-12,10.6588856274865,2028,10.6588856274865,10.6588856274865,10.6588856274865,10.6588856274865
2027-03-27,2027-12-13,10.6588856274865,2028,10.6588856274865,10.6588856274865,10.6588856274865,10.6588856274865
2027-03-30,2027-12-14,10.6588856274865,2028,10.6588856274865,10.6588856274865,10.6588856274865,10.6588856274865
2027-04-02,2027-12-15,10.6588856274865,2028,10.6588856274865,10.6588856274865,10.6588856274865,10.6588856274865
2027-04-05,2027-12-16,10.6588856274865,2028,10.6588856274865,10.6588856274865,10.6588856274865,10.6588856274865
2027-04-08,2027-12-17,10.6588856274865,2028,10.6588856274865,10.6588856274865,10.6588856274865,10.6588856274865
2027-04-11,2027-12-18,10.6588856274865,2028,10.6588856274865,10.6588856274865,10.6588856274865,10.6588856274865
2027-04-14,2027-12-19,10.6588856274865,2028,10.6588856274865,10.6588856274865,10.6588856274865,10.6588856274865
2027-04-17,2027-12-20,10.6588856274865,2028,10.6588856274865,10.6588856274865,10.6588856274865,10.6588856274865
2027-04-20,2027-12-21,10.6588856274865,2028,10.6588856274865,10.6588856274865,10.6588856274865,10.6588856274865
2027-04-23,2027-12-22,10.6588856274865,2028,10.6588856274865,10.6588856274865,10.6588856274865,10.6588856274865
2027-04-26,2027-12-23,10.6588856274865,2028,10.6588856274865,10.6588856274865,10.6588856274865,10.6588856274865
2027-04-29,2027-12-24,10.6588856274865,2028,10.6588856274865,10.6588856274865,10.6588856274865,10.6588856274865
2027-05-02,2027-12-25,10.6588856274865,2028,10.6588856274865,10.6588856274865,10.6588856274865,10.6588856274865
2027-05-05,2027-12-26,10.6588856274865,2028,10.6588856274865,10.6588856274865,10.6588856274865,10.6588856274865
2027-05-08,2027-12-27,10.6588856274865,2028,10.6588856274865,10.6588856274865,10.6588856274865,10.6588856274865
2027-05-11,2027-12-28,10.6588856274865,2028,10.6588856274865,10.6588856274865,10.6588856274865,10.6588856274865
2027-05-14,2027-12-29,10.6588856274865,2028,10.6588856274865,10.6588856274865,10.6588856274865,10.6588856274865
2027-05-17,2027-12-30,10.6588856274865,2028,10.6588856274865,10.6588856274865,10.6588856274865,10.6588856274865
2027-05-20,2027-12-31,10.6588856274865,2028,10.6588856274865,10.6588856274865,10.6588856274865,10.6588856274865
2027-05-23,2028-01-01,3.4733364875009,2028,3.4733364875009,3.4733364875009,3.4733364875009,3.4733364875009
2027-05-26,2028-01-02,3.4733364875009,2028,3.4733364875009,3.4733364875009,3.4733364875009,3.4733364875009
2027-05-29,2028-01-03,3.4733364875009,2028,3.4733364875009,3.4733364875009,3.4733364875009,3.4733364875009
2027-06-01,2028-01-04,3.4733364875009,2028,3.4733364875009,3.4733364875009,3.4733364875009,3.4733364875009
2027-06-04,2028-01-05,3.4733364875009,2028,3.4733364875009,3.4733364875009,3.4733364875009,3.4733364875009
2027-06-07,2028-01-06,3.4733364875009,2028,3.4733364875009,3.4733364875009,3.4733364875009,3.4733364875009
2027-06-10,2028-01-07,3.4733364875009,2028,3.4733364875009,3.4733364875009,3.4733364875009,3.4733364875009
2027-06-13,2028-01-08,3.4733364875009,2028,3.4733364875009,3.4733364875009,3.4733364875009,3.4733364875009
2027-06-16,2028-01-09,3.4733364875009,2028,3.4733364875009,3.4733364875009,3.4733364875009,3.4733364875009
2027-06-19,2028-01-10,3.4733364875009,2028,3.4733364875009,3.4733364875009,3.4733364875009,3.4733364875009
2027-06-22,2028-01-11,3.4733364875009,2028,3.4733364875009,3.4733364875009,3.4733364875009,3.4733364875009
2027-06-25,2028-01-12,3.4733364875009,2028,3.4733364875009,3.4733364875009,3.4733364875009,3.4733364875009
2027-06-28,2028-01-13,3.4733364875009,2028,3.4733364875009,3.4733364875009,3.4733364875009,3.4733364875009
2027-07-01,2028-01-14,3.4733364875009,2028,3.4733364875009,3.4733364875009,3.4733364875009,3.4733364875009
2027-07-04,2028-01-15,3.4733364875009,2028,3.4733364875009,3.4733364875009,3.4733364875009,3.4733364875009
2027-07-07,2028-01-16,3.4733364875009,2028,3.4733364875009,3.4733364875009,3.4733364875009,3.4733364875009
2027-07-10,2028-01-17,3.4733364875009,2028,3.4733364875009,3.4733364875009,3.4733364875009,3.4733364875009
2027-07-13,2028-01-18,3.4733364875009,2028,3.4733364875009,3.4733364875009,3.4733364875009,3.4733364875009
2027-07-16,2028-01-19,3.4733364875009,2028,3.4733364875009,3.4733364875009,3.4733364875009,3.4733364875009
2027-07-19,2028-01-20,3.4733364875009,2028,3.4733364875009,3.4733364875009,3.4733364875009,3.4733364875009
2027-07-22,2028-01-21,3.4733364875009,2028,3.4733364875009,3.4733364875009,3.4733364875009,3.4733364875009
2027-07-25,2028-01-22,3.4733364875009,2028,3.4733364875009,3.4733364875009,3.4733364875009,3.4733364875009
2027-07-28,2028-01-23,3.4733364875009,2028,3.4733364875009,3.4733364875009,3.4733364875009,3.4733364875009
2027-07-31,2028-01-24,3.4733364875009,2028,3.4733364875009,3.4733364875009,3.4733364875009,3.4733364875009
2027-08-03,2028-01-25,3.4733364875009,2028,3.4733364875009,3.4733364875009,3.4733364875009,3.4733364875009
2027-08-06,2028-01-26,3.4733364875009,2028,3.4733364875009,3.4733364875009,3.4733364875009,3.4733364875009
2027-08-09,2028-01-27,3.4733364875009,2028,3.4733364875009,3.4733364875009,3.4733364875009,3.4733364875009
2027-08-12,2028-01-28,3.4733364875009,2028,3.4733364875009,3.4733364875009,3.4733364875009,3.4733364875009
2027-08-15,2028-01-29,3.4733364875009,2028,3.4733364875009,3.4733364875009,3.4733364875009,3.4733364875009
2027-08-18,2028-01-30,3.4733364875009,2028,3.4733364875009,3.4733364875009,3.4733364875009,3.4733364875009
2027-08-21,2028-01-31,3.4733364875009,2028,3.4733364875009,3.4733364875009,3.4733364875009,3.4733364875009
2027-08-24,2028-02-01,3.69227244740437,2028,3.69227244740437,3.69227244740437,3.69227244740437,3.69227244740437
2027-08-27,2028-02-02,3.69227244740437,2028,3.69227244740437,3.69227244740437,3.69227244740437,3.69227244740437
2027-08-30,2028-02-03,3.69227244740437,2028,3.69227244740437,3.69227244740437,3.69227244740437,3.69227244740437
2027-09-02,2028-02-04,3.69227244740437,2028,3.69227244740437,3.69227244740437,3.69227244740437,3.69227244740437
2027-09-05,2028-02-05,3.69227244740437,2028,3.69227244740437,3.69227244740437,3.69227244740437,3.69227244740437
2027-09-08,2028-02-06,3.69227244740437,2028,3.69227244740437,3.69227244740437,3.69227244740437,3.69227244740437
2027-09-11,2028-02-07,3.69227244740437,2028,3.69227244740437,3.69227244740437,3.69227244740437,3.69227244740437
2027-09-14,2028-02-08,3.69227244740437,2028,3.69227244740437,3.69227244740437,3.69227244740437,3.69227244740437
2027-09-17,2028-02-09,3.69227244740437,2028,3.69227244740437,3.69227244740437,3.69227244740437,3.69227244740437
2027-09-20,2028-02-10,3.69227244740437,2028,3.69227244740437,3.69227244740437,3.69227244740437,3.69227244740437
2027-09-23,2028-02-11,3.69227244740437,2028,3.69227244740437,3.69227244740437,3.69227244740437,3.69227244740437
2027-09-26,2028-02-12,3.69227244740437,2028,3.69227244740437,3.69227244740437,3.69227244740437,3.69227244740437
2027-09-29,2028-02-13,3.69227244740437,2028,3.69227244740437,3.69227244740437,3.69227244740437,3.69227244740437
2027-10-02,2028-02-14,3.69227244740437,2028,3.69227244740437,3.69227244740437,3.69227244740437,3.69227244740437
2027-10-05,2028-02-15,3.69227244740437,2028,3.69227244740437,3.69227244740437,3.69227244740437,3.69227244740437
2027-10-08,2028-02-16,3.69227244740437,2028,3.69227244740437,3.69227244740437,3.69227244740437,3.69227244740437
2027-10-11,2028-02-17,3.69227244740437,2028,3.69227244740437,3.69227244740437,3.69227244740437,3.69227244740437
2027-10-14,2028-02-18,3.69227244740437,2028,3.69227244740437,3.69227244740437,3.69227244740437,3.69227244740437
2027-10-17,2028-02-19,3.69227244740437,2028,3.69227244740437,3.69227244740437,3.69227244740437,3.69227244740437
2027-10-20,2028-02-20,3.69227244740437,2028,3.69227244740437,3.69227244740437,3.69227244740437,3.69227244740437
2027-10-23,2028-02-21,3.69227244740437,2028,3.69227244740437,3.69227244740437,3.69227244740437,3.69227244740437
2027-10-26,2028-02-22,3.69227244740437,2028,3.69227244740437,3.69227244740437,3.69227244740437,3.69227244740437
2027-10-29,2028-02-23,3.69227244740437,2028,3.69227244740437,3.69227244740437,3.69227244740437,3.69227244740437
2027-11-01,2028-02-24,3.69227244740437,2028,3.69227244740437,3.69227244740437,3.69227244740437,3.69227244740437
2027-11-04,2028-02-25,3.69227244740437,2028,3.69227244740437,3.69227244740437,3.69227244740437,3.69227244740437
2027-11-07,2028-02-26,3.69227244740437,2028,3.69227244740437,3.69227244740437,3.69227244740437,3.69227244740437
2027-11-10,2028-02-27,3.69227244740437,2028,3.69227244740437,3.69227244740437,3.69227244740437,3.69227244740437
2027-11-13,2028-02-28,3.69227244740437,2028,3.69227244740437,3.69227244740437,3.69227244740437,3.69227244740437
2027-11-16,2028-02-29,3.69227244740437,2028,3.69227244740437,3.69227244740437,3.69227244740437,3.69227244740437
2027-11-19,2028-12-01,21.7594887217939,2029,21.7594887217939,21.7594887217939,21.7594887217939,21.7594887217939
2027-11-22,2028-12-02,21.7594887217939,2029,21.7594887217939,21.7594887217939,21.7594887217939,21.7594887217939
2027-11-25,2028-12-03,21.7594887217939,2029,21.7594887217939,21.7594887217939,21.7594887217939,21.7594887217939
2027-11-28,2028-12-04,21.7594887217939,2029,21.7594887217939,21.7594887217939,21.7594887217939,21.7594887217939
2027-12-01,2028-12-05,21.7594887217939,2029,21.7594887217939,21.7594887217939,21.7594887217939,21.7594887217939
2027-12-04,2028-12-06,21.7594887217939,2029,21.7594887217939,21.7594887217939,21.7594887217939,21.7594887217939
2027-12-07,2028-12-07,21.7594887217939,2029,21.7594887217939,21.7594887217939,21.7594887217939,21.7594887217939
2027-12-10,2028-12-08,21.7594887217939,2029,21.7594887217939,21.7594887217939,21.7594887217939,21.7594887217939
2027-12-13,2028-12-09,21.7594887217939,2029,21.7594887217939,21.7594887217939,21.7594887217939,21.7594887217939
2027-12-16,2028-12-10,21.7594887217939,2029,21.7594887217939,21.7594887217939,21.7594887217939,21.7594887217939
2027-12-19,2028-12-11,21.7594887217939,2029,21.7594887217939,21.7594887217939,21.7594887217939,21.7594887217939
2027-12-22,2028-12-12,21.7594887217939,2029,21.7594887217939,21.7594887217939,21.7594887217939,21.7594887217939
2027-12-25,2028-12-13,21.7594887217939,2029,21.7594887217939,21.7594887217939,21.7594887217939,21.7594887217939
2027-12-28,2028-12-14,21.7594887217939,2029,21.7594887217939,21.7594887217939,21.7594887217939,21.7594887217939
2027-12-31,2028-12-15,21.7594887217939,2029,21.7594887217939,21.7594887217939,21.7594887217939,21.7594887217939
2028-01-03,2028-12-16,21.7594887217939,2029,21.7594887217939,21.7594887217939,21.7594887217939,21.7594887217939
2028-01-06,2028-12-17,21.7594887217939,2029,21.7594887217939,21.7594887217939,21.7594887217939,21.7594887217939
2028-01-09,2028-12-18,21.7594887217939,2029,21.7594887217939,21.7594887217939,21.7594887217939,21.7594887217939
2028-01-12,2028-12-19,21.7594887217939,2029,21.7594887217939,21.7594887217939,21.7594887217939,21.7594887217939
2028-01-15,2028-12-20,21.7594887217939,2029,21.7594887217939,21.7594887217939,21.7594887217939,21.7594887217939
2028-01-18,2028-12-21,21.7594887217939,2029,21.7594887217939,21.7594887217939,21.7594887217939,21.7594887217939
2028-01-21,2028-12-22,21.7594887217939,2029,21.7594887217939,21.7594887217939,21.7594887217939,21.7594887217939
2028-01-24,2028-12-23,21.7594887217939,2029,21.7594887217939,21.7594887217939,21.7594887217939,21.7594887217939
2028-01-27,2028-12-24,21.7594887217939,2029,21.7594887217939,21.7594887217939,21.7594887217939,21.7594887217939
2028-01-30,2028-12-25,21.7594887217939,2029,21.7594887217939,21.7594887217939,21.7594887217939,21.7594887217939
2028-02-02,2028-12-26,21.7594887217939,2029,21.7594887217939,21.7594887217939,21.7594887217939,21.7594887217939
2028-02-05,2028-12-27,21.7594887217939,2029,21.7594887217939,21.7594887217939,21.7594887217939,21.7594887217939
2028-02-08,2028-12-28,21.7594887217939,2029,21.7594887217939,21.7594887217939,21.7594887217939,21.7594887217939
2028-02-11,2028-12-29,21.7594887217939,2029,21.7594887217939,21.7594887217939,21.7594887217939,21.7594887217939
2028-02-14,2028-12-30,21.7594887217939,2029,21.7594887217939,21.7594887217939,21.7594887217939,21.7594887217939
2028-02-17,2028-12-31,21.7594887217939,2029,21.7594887217939,21.7594887217939,21.7594887217939,21.7594887217939
2028-02-20,2029-01-01,10.8317054920671,2029,10.8317054920671,10.8317054920671,10.8317054920671,10.8317054920671
2028-02-23,2029-01-02,10.8317054920671,2029,10.8317054920671,10.8317054920671,10.8317054920671,10.8317054920671
2028-02-26,2029-01-03,10.8317054920671,2029,10.8317054920671,10.8317054920671,10.8317054920671,10.8317054920671
2028-02-29,2029-01-04,10.8317054920671,2029,10.8317054920671,10.8317054920671,10.8317054920671,10.8317054920671
2028-03-03,2029-01-05,10.8317054920671,2029,10.8317054920671,10.8317054920671,10.8317054920671,10.8317054920671
2028-03-06,2029-01-06,10.8317054920671,2029,10.8317054920671,10.8317054920671,10.8317054920671,10.8317054920671
2028-03-09,2029-01-07,10.8317054920671,2029,10.8317054920671,10.8317054920671,10.8317054920671,10.8317054920671
2028-03-12,2029-01-08,10.8317054920671,2029,10.8317054920671,10.8317054920671,10.8317054920671,10.8317054920671
2028-03-15,2029-01-09,10.8317054920671,2029,10.8317054920671,10.8317054920671,10.8317054920671,10.8317054920671
2028-03-18,2029-01-10,10.8317054920671,2029,10.8317054920671,10.8317054920671,10.8317054920671,10.8317054920671
2028-03-21,2029-01-11,10.8317054920671,2029,10.8317054920671,10.8317054920671,10.8317054920671,10.8317054920671
2028-03-24,2029-01-12,10.8317054920671,2029,10.8317054920671,10.8317054920671,10.8317054920671,10.8317054920671
2028-03-27,2029-01-13,10.8317054920671,2029,10.8317054920671,10.8317054920671,10.8317054920671,10.8317054920671
2028-03-30,2029-01-14,10.8317054920671,2029,10.8317054920671,10.8317054920671,10.8317054920671,10.8317054920671
2028-04-02,2029-01-15,10.8317054920671,2029,10.8317054920671,10.8317054920671,10.8317054920671,10.8317054920671
2028-04-05,2029-01-16,10.8317054920671,2029,10.8317054920671,10.8317054920671,10.8317054920671,10.8317054920671
2028-04-08,2029-01-17,10.8317054920671,2029,10.8317054920671,10.8317054920671,10.8317054920671,10.8317054920671
2028-04-11,2029-01-18,10.8317054920671,2029,10.8317054920671,10.8317054920671,10.8317054920671,10.8317054920671
2028-04-14,2029-01-19,10.8317054920671,2029,10.8317054920671,10.8317054920671,10.8317054920671,10.8317054920671
2028-04-17,2029-01-20,10.8317054920671,2029,10.8317054920671,10.8317054920671,10.8317054920671,10.8317054920671
2028-04-20,2029-01-21,10.8317054920671,2029,10.8317054920671,10.8317054920671,10.8317054920671,10.8317054920671
2028-04-23,2029-01-22,10.8317054920671,2029,10.8317054920671,10.8317054920671,10.8317054920671,10.8317054920671
2028-04-26,2029-01-23,10.8317054920671,2029,10.8317054920671,10.8317054920671,10.8317054920671,10.8317054920671
2028-04-29,2029-01-24,10.8317054920671,2029,10.8317054920671,10.8317054920671,10.8317054920671,10.8317054920671
2028-05-02,2029-01-25,10.8317054920671,2029,10.8317054920671,10.8317054920671,10.8317054920671,10.8317054920671
2028-05-05,2029-01-26,10.8317054920671,2029,10.8317054920671,10.8317054920671,10.8317054920671,10.8317054920671
2028-05-08,2029-01-27,10.8317054920671,2029,10.8317054920671,10.8317054920671,10.8317054920671,10.8317054920671
2028-05-11,2029-01-28,10.8317054920671,2029,10.8317054920671,10.8317054920671,10.8317054920671,10.8317054920671
2028-05-14,2029-01-29,10.8317054920671,2029,10.8317054920671,10.8317054920671,10.8317054920671,10.8317054920671
2028-05-17,2029-01-30,10.8317054920671,2029,10.8317054920671,10.8317054920671,10.8317054920671,10.8317054920671
2028-05-20,2029-01-31,10.8317054920671,2029,10.8317054920671,10.8317054920671,10.8317054920671,10.8317054920671
2028-05-23,2029-02-01,29.2105178044631,2029,29.2105178044631,29.2105178044631,29.2105178044631,29.2105178044631
2028-05-26,2029-02-02,29.2105178044631,2029,29.2105178044631,29.2105178044631,29.2105178044631,29.2105178044631
2028-05-29,2029-02-03,29.2105178044631,2029,29.2105178044631,29.2105178044631,29.2105178044631,29.2105178044631
2028-06-01,2029-02-04,29.2105178044631,2029,29.2105178044631,29.2105178044631,29.2105178044631,29.2105178044631
2028-06-04,2029-02-05,29.2105178044631,2029,29.2105178044631,29.2105178044631,29.2105178044631,29.2105178044631
2028-06-07,2029-02-06,29.2105178044631,2029,29.2105178044631,29.2105178044631,29.2105178044631,29.2105178044631
2028-06-10,2029-02-07,29.2105178044631,2029,29.2105178044631,29.2105178044631,29.2105178044631,29.2105178044631
2028-06-13,2029-02-08,29.2105178044631,2029,29.2105178044631,29.2105178044631,29.2105178044631,29.2105178044631
2028-06-16,2029-02-09,29.2105178044631,2029,29.2105178044631,29.2105178044631,29.2105178044631,29.2105178044631
2028-06-19,2029-02-10,29.2105178044631,2029,29.2105178044631,29.2105178044631,29.2105178044631,29.2105178044631
2028-06-22,2029-02-11,29.2105178044631,2029,29.2105178044631,29.2105178044631,29.2105178044631,29.2105178044631
2028-06-25,2029-02-12,29.2105178044631,2029,29.2105178044631,29.2105178044631,29.2105178044631,29.2105178044631
2028-06-28,2029-02-13,29.2105178044631,2029,29.2105178044631,29.2105178044631,29.2105178044631,29.2105178044631
2028-07-01,2029-02-14,29.2105178044631,2029,29.2105178044631,29.2105178044631,29.2105178044631,29.2105178044631
2028-07-04,2029-02-15,29.2105178044631,2029,29.2105178044631,29.2105178044631,29.2105178044631,29.2105178044631
2028-07-07,2029-02-16,29.2105178044631,2029,29.2105178044631,29.2105178044631,29.2105178044631,29.2105178044631
2028-07-10,2029-02-17,29.2105178044631,2029,29.2105178044631,29.2105178044631,29.2105178044631,29.2105178044631
2028-07-13,2029-02-18,29.2105178044631,2029,29.2105178044631,29.2105178044631,29.2105178044631,29.2105178044631
2028-07-16,2029-02-19,29.2105178044631,2029,29.2105178044631,29.2105178044631,29.2105178044631,29.2105178044631
2028-07-19,2029-02-20,29.2105178044631,2029,29.2105178044631,29.2105178044631,29.2105178044631,29.2105178044631
2028-07-22,2029-02-21,29.2105178044631,2029,29.2105178044631,29.2105178044631,29.2105178044631,29.2105178044631
2028-07-25,2029-02-22,29.2105178044631,2029,29.2105178044631,29.2105178044631,29.2105178044631,29.2105178044631
2028-07-28,2029-02-23,29.2105178044631,2029,29.2105178044631,29.2105178044631,29.2105178044631,29.2105178044631
2028-07-31,2029-02-24,29.2105178044631,2029,29.2105178044631,29.2105178044631,29.2105178044631,29.2105178044631
2028-08-03,2029-02-25,29.2105178044631,2029,29.2105178044631,29.2105178044631,29.2105178044631,29.2105178044631
2028-08-06,2029-02-26,29.2105178044631,2029,29.2105178044631,29.2105178044631,29.2105178044631,29.2105178044631
2028-08-09,2029-02-27,29.2105178044631,2029,29.2105178044631,29.2105178044631,29.2105178044631,29.2105178044631
2028-08-12,2029-02-28,29.2105178044631,2029,29.2105178044631,29.2105178044631,29.2105178044631,29.2105178044631
2028-08-15,2029-12-01,19.0193897595548,2030,19.0193897595548,19.0193897595548,19.0193897595548,19.0193897595548
2028-08-18,2029-12-02,19.0193897595548,2030,19.0193897595548,19.0193897595548,19.0193897595548,19.0193897595548
2028-08-21,2029-12-03,19.0193897595548,2030,19.0193897595548,19.0193897595548,19.0193897595548,19.0193897595548
2028-08-24,2029-12-04,19.0193897595548,2030,19.0193897595548,19.0193897595548,19.0193897595548,19.0193897595548
2028-08-27,2029-12-05,19.0193897595548,2030,19.0193897595548,19.0193897595548,19.0193897595548,19.0193897595548
2028-08-30,2029-12-06,19.0193897595548,2030,19.0193897595548,19.0193897595548,19.0193897595548,19.0193897595548
2028-09-02,2029-12-07,19.0193897595548,2030,19.0193897595548,19.0193897595548,19.0193897595548,19.0193897595548
2028-09-05,2029-12-08,19.0193897595548,2030,19.0193897595548,19.0193897595548,19.0193897595548,19.0193897595548
2028-09-08,2029-12-09,19.0193897595548,2030,19.0193897595548,19.0193897595548,19.0193897595548,19.0193897595548
2028-09-11,2029-12-10,19.0193897595548,2030,19.0193897595548,19.0193897595548,19.0193897595548,19.0193897595548
2028-09-14,2029-12-11,19.0193897595548,2030,19.0193897595548,19.0193897595548,19.0193897595548,19.0193897595548
2028-09-17,2029-12-12,19.0193897595548,2030,19.0193897595548,19.0193897595548,19.0193897595548,19.0193897595548
2028-09-20,2029-12-13,19.0193897595548,2030,19.0193897595548,19.0193897595548,19.0193897595548,19.0193897595548
2028-09-23,2029-12-14,19.0193897595548,2030,19.0193897595548,19.0193897595548,19.0193897595548,19.0193897595548
2028-09-26,2029-12-15,19.0193897595548,2030,19.0193897595548,19.0193897595548,19.0193897595548,19.0193897595548
2028-09-29,2029-12-16,19.0193897595548,2030,19.0193897595548,19.0193897595548,19.0193897595548,19.0193897595548
2028-10-02,2029-12-17,19.0193897595548,2030,19.0193897595548,19.0193897595548,19.0193897595548,19.0193897595548
2028-10-05,2029-12-18,19.0193897595548,2030,19.0193897595548,19.0193897595548,19.0193897595548,19.0193897595548
2028-10-08,2029-12-19,19.0193897595548,2030,19.0193897595548,19.0193897595548,19.0193897595548,19.0193897595548
2028-10-11,2029-12-20,19.0193897595548,2030,19.0193897595548,19.0193897595548,19.0193897595548,19.0193897595548
2028-10-14,2029-12-21,19.0193897595548,2030,19.0193897595548,19.0193897595548,19.0193897595548,19.0193897595548
2028-10-17,2029-12-22,19.0193897595548,2030,19.0193897595548,19.0193897595548,19.0193897595548,19.0193897595548
2028-10-20,2029-12-23,19.0193897595548,2030,19.0193897595548,19.0193897595548,19.0193897595548,19.0193897595548
2028-10-23,2029-12-24,19.0193897595548,2030,19.0193897595548,19.0193897595548,19.0193897595548,19.0193897595548
2028-10-26,2029-12-25,19.0193897595548,2030,19.0193897595548,19.0193897595548,19.0193897595548,19.0193897595548
2028-10-29,2029-12-26,19.0193897595548,2030,19.0193897595548,19.0193897595548,19.0193897595548,19.0193897595548
2028-11-01,2029-12-27,19.0193897595548,2030,19.0193897595548,19.0193897595548,19.0193897595548,19.0193897595548
2028-11-04,2029-12-28,19.0193897595548,2030,19.0193897595548,19.0193897595548,19.0193897595548,19.0193897595548
2028-11-07,2029-12-29,19.0193897595548,2030,19.0193897595548,19.0193897595548,19.0193897595548,19.0193897595548
2028-11-10,2029-12-30,19.0193897595548,2030,19.0193897595548,19.0193897595548,19.0193897595548,19.0193897595548
2028-11-13,2029-12-31,19.0193897595548,2030,19.0193897595548,19.0193897595548,19.0193897595548,19.0193897595548
2028-11-16,2030-01-01,30.7402601601026,2030,30.7402601601026,30.7402601601026,30.7402601601026,30.7402601601026
2028-11-19,2030-01-02,30.7402601601026,2030,30.7402601601026,30.7402601601026,30.7402601601026,30.7402601601026
2028-11-22,2030-01-03,30.7402601601026,2030,30.7402601601026,30.7402601601026,30.7402601601026,30.7402601601026
2028-11-25,2030-01-04,30.7402601601026,2030,30.7402601601026,30.7402601601026,30.7402601601026,30.7402601601026
2028-11-28,2030-01-05,30.7402601601026,2030,30.7402601601026,30.7402601601026,30.7402601601026,30.7402601601026
2028-12-01,2030-01-06,30.7402601601026,2030,30.7402601601026,30.7402601601026,30.7402601601026,30.7402601601026
2028-12-04,2030-01-07,30.7402601601026,2030,30.7402601601026,30.7402601601026,30.7402601601026,30.7402601601026
2028-12-07,2030-01-08,30.7402601601026,2030,30.7402601601026,30.7402601601026,30.7402601601026,30.7402601601026
2028-12-10,2030-01-09,30.7402601601026,2030,30.7402601601026,30.7402601601026,30.7402601601026,30.7402601601026
2028-12-13,2030-01-10,30.7402601601026,2030,30.7402601601026,30.7402601601026,30.7402601601026,30.7402601601026
2028-12-16,2030-01-11,30.7402601601026,2030,30.7402601601026,30.7402601601026,30.7402601601026,30.7402601601026
2028-12-19,2030-01-12,30.7402601601026,2030,30.7402601601026,30.7402601601026,30.7402601601026,30.7402601601026
2028-12-22,2030-01-13,30.7402601601026,2030,30.7402601601026,30.7402601601026,30.7402601601026,30.7402601601026
2028-12-25,2030-01-14,30.7402601601026,2030,30.7402601601026,30.7402601601026,30.7402601601026,30.7402601601026
2028-12-28,2030-01-15,30.7402601601026,2030,30.7402601601026,30.7402601601026,30.7402601601026,30.7402601601026
2028-12-31,2030-01-16,30.7402601601026,2030,30.7402601601026,30.7402601601026,30.7402601601026,30.7402601601026
2029-01-03,2030-01-17,30.7402601601026,2030,30.7402601601026,30.7402601601026,30.7402601601026,30.7402601601026
2029-01-06,2030-01-18,30.7402601601026,2030,30.7402601601026,30.7402601601026,30.7402601601026,30.7402601601026
2029-01-09,2030-01-19,30.7402601601026,2030,30.7402601601026,30.7402601601026,30.7402601601026,30.7402601601026
2029-01-12,2030-01-20,30.7402601601026,2030,30.7402601601026,30.7402601601026,30.7402601601026,30.7402601601026
2029-01-15,2030-01-21,30.7402601601026,2030,30.7402601601026,30.7402601601026,30.7402601601026,30.7402601601026
2029-01-18,2030-01-22,30.7402601601026,2030,30.7402601601026,30.7402601601026,30.7402601601026,30.7402601601026
2029-01-21,2030-01-23,30.7402601601026,2030,30.7402601601026,30.7402601601026,30.7402601601026,30.7402601601026
2029-01-24,2030-01-24,30.7402601601026,2030,30.7402601601026,30.7402601601026,30.7402601601026,30.7402601601026
2029-01-27,2030-01-25,30.7402601601026,2030,30.7402601601026,30.7402601601026,30.7402601601026,30.7402601601026
2029-01-30,2030-01-26,30.7402601601026,2030,30.7402601601026,30.7402601601026,30.7402601601026,30.7402601601026
2029-02-02,2030-01-27,30.7402601601026,2030,30.7402601601026,30.7402601601026,30.7402601601026,30.7402601601026
2029-02-05,2030-01-28,30.7402601601026,2030,30.7402601601026,30.7402601601026,30.7402601601026,30.7402601601026
2029-02-08,2030-01-29,30.7402601601026,2030,30.7402601601026,30.7402601601026,30.7402601601026,30.7402601601026
2029-02-11,2030-01-30,30.7402601601026,2030,30.7402601601026,30.7402601601026,30.7402601601026,30.7402601601026
2029-02-14,2030-01-31,30.7402601601026,2030,30.7402601601026,30.7402601601026,30.7402601601026,30.7402601601026
2029-02-17,2030-02-01,6.67663943042854,2030,6.67663943042854,6.67663943042854,6.67663943042854,6.67663943042854
2029-02-20,2030-02-02,6.67663943042854,2030,6.67663943042854,6.67663943042854,6.67663943042854,6.67663943042854
2029-02-23,2030-02-03,6.67663943042854,2030,6.67663943042854,6.67663943042854,6.67663943042854,6.67663943042854
2029-02-26,2030-02-04,6.67663943042854,2030,6.67663943042854,6.67663943042854,6.67663943042854,6.67663943042854
2029-03-01,2030-02-05,6.67663943042854,2030,6.67663943042854,6.67663943042854,6.67663943042854,6.67663943042854
2029-03-04,2030-02-06,6.67663943042854,2030,6.67663943042854,6.67663943042854,6.67663943042854,6.67663943042854
2029-03-07,2030-02-07,6.67663943042854,2030,6.67663943042854,6.67663943042854,6.67663943042854,6.67663943042854
2029-03-10,2030-02-08,6.67663943042854,2030,6.67663943042854,6.67663943042854,6.67663943042854,6.67663943042854
2029-03-13,2030-02-09,6.67663943042854,2030,6.67663943042854,6.67663943042854,6.67663943042854,6.67663943042854
2029-03-16,2030-02-10,6.67663943042854,2030,6.67663943042854,6.67663943042854,6.67663943042854,6.67663943042854
2029-03-19,2030-02-11,6.67663943042854,2030,6.67663943042854,6.67663943042854,6.67663943042854,6.67663943042854
2029-03-22,2030-02-12,6.67663943042854,2030,6.67663943042854,6.67663943042854,6.67663943042854,6.67663943042854
2029-03-25,2030-02-13,6.67663943042854,2030,6.67663943042854,6.67663943042854,6.67663943042854,6.67663943042854
2029-03-28,2030-02-14,6.67663943042854,2030,6.67663943042854,6.67663943042854,6.67663943042854,6.67663943042854
2029-03-31,2030-02-15,6.67663943042854,2030,6.67663943042854,6.67663943042854,6.67663943042854,6.67663943042854
2029-04-03,2030-02-16,6.67663943042854,2030,6.67663943042854,6.67663943042854,6.67663943042854,6.67663943042854
2029-04-06,2030-02-17,6.67663943042854,2030,6.67663943042854,6.67663943042854,6.67663943042854,6.67663943042854
2029-04-09,2030-02-18,6.67663943042854,2030,6.67663943042854,6.67663943042854,6.67663943042854,6.67663943042854
2029-04-12,2030-02-19,6.67663943042854,2030,6.67663943042854,6.67663943042854,6.67663943042854,6.67663943042854
2029-04-15,2030-02-20,6.67663943042854,2030,6.67663943042854,6.67663943042854,6.67663943042854,6.67663943042854
2029-04-18,2030-02-21,6.67663943042854,2030,6.67663943042854,6.67663943042854,6.67663943042854,6.67663943042854
2029-04-21,2030-02-22,6.67663943042854,2030,6.67663943042854,6.67663943042854,6.67663943042854,6.67663943042854
2029-04-24,2030-02-23,6.67663943042854,2030,6.67663943042854,6.67663943042854,6.67663943042854,6.67663943042854
2029-04-27,2030-02-24,6.67663943042854,2030,6.67663943042854,6.67663943042854,6.67663943042854,6.67663943042854
2029-04-30,2030-02-25,6.67663943042854,2030,6.67663943042854,6.67663943042854,6.67663943042854,6.67663943042854
2029-05-03,2030-02-26,6.67663943042854,2030,6.67663943042854,6.67663943042854,6.67663943042854,6.67663943042854
2029-05-06,2030-02-27,6.67663943042854,2030,6.67663943042854,6.67663943042854,6.67663943042854,6.67663943042854
2029-05-09,2030-02-28,6.67663943042854,2030,6.67663943042854,6.67663943042854,6.67663943042854,6.67663943042854
